student_id,gender,category,age,hostel_status,commute_distance_km,family_income_slab,income_slab_idx,is_first_generation,has_scholarship,fee_payment_delay_days,att_core1,att_core2,att_lab,att_elective,attendance_month_1,attendance_month_2,attendance_month_3,attendance_percentage,attendance_3m_trend,consecutive_absences,attendance_risk_flag,prev_sem_cgpa,current_cgpa,cgpa_delta,backlog_count,internal_exam_score_pct,stem_core_fail_flag,lms_logins_per_week,assignment_submission_lag_days,resource_access_count,days_since_last_lms_activity,forum_participation_count,ground_truth_risk_prob,is_dropout
IND_2026_0001,Female,SC,19.1,Day Scholar,8.7,<2 LPA,0,1,1,0,53.7,53.1,59.5,54.3,43.8,49.9,53.8,49.9,5.02,14,1,8.74,8.29,-0.45,1,77.9,0,6.3,-4.8,37,11,5,0.3739,0
IND_2026_0002,Male,ST,21.3,Hosteler,0.5,5-8 LPA,2,0,0,2,69.3,55.8,71.0,57.7,60.7,58.8,52.0,56.6,-4.36,11,1,7.97,7.14,-0.83,0,65.5,0,7.7,0.3,73,10,3,0.7558,1
IND_2026_0003,Female,ST,20.1,Day Scholar,11.6,2-5 LPA,1,1,1,4,60.8,62.8,70.0,68.8,64.7,59.5,65.1,63.0,0.21,4,1,8.56,8.37,-0.19,0,87.5,0,6.2,-0.8,56,10,4,0.1262,0
IND_2026_0004,Female,OBC,19.7,Hosteler,0.5,>8 LPA,3,0,0,3,76.9,74.1,74.6,60.6,51.3,71.3,82.6,70.8,15.69,3,1,7.07,6.52,-0.55,1,64.9,0,5.4,-1.8,16,10,4,0.1384,0
IND_2026_0005,Male,OBC,20.0,Hosteler,0.5,5-8 LPA,2,1,0,1,57.0,55.3,67.0,46.0,59.4,65.6,60.4,62.0,0.48,9,1,6.94,5.83,-1.11,4,53.4,0,6.9,0.7,50,11,2,0.9367,1
IND_2026_0006,Female,SC,20.4,Day Scholar,10.8,2-5 LPA,1,0,0,14,88.5,86.1,91.1,88.2,97.1,90.5,80.6,88.2,-8.25,2,0,8.51,9.48,0.97,0,86.8,0,9.0,-2.2,112,5,2,0.0186,0
IND_2026_0007,Female,General,20.9,Day Scholar,4.4,5-8 LPA,2,0,0,0,84.5,81.1,84.1,74.2,82.2,82.7,79.1,81.2,-1.57,0,0,8.54,8.87,0.33,0,89.4,0,6.0,0.7,160,8,1,0.0791,0
IND_2026_0008,Female,SC,18.8,Day Scholar,3.1,>8 LPA,3,0,1,1,55.6,51.0,53.5,49.1,42.5,44.2,61.9,50.9,9.71,8,1,9.39,8.64,-0.75,2,82.7,0,8.9,0.6,46,8,2,0.1801,0
IND_2026_0009,Male,OBC,18.7,Hosteler,0.5,2-5 LPA,1,0,0,45,61.7,54.6,59.7,59.0,64.9,63.0,63.1,63.5,-0.87,4,1,7.48,6.96,-0.52,2,65.3,0,7.5,0.5,20,10,1,0.6509,1
IND_2026_0010,Male,General,21.5,Hosteler,0.5,5-8 LPA,2,1,0,4,50.3,44.5,60.8,54.5,50.0,55.3,53.0,53.1,1.5,6,1,7.05,7.16,0.11,2,68.6,0,5.5,0.4,42,10,0,0.6302,1
IND_2026_0011,Male,General,19.6,Day Scholar,10.4,>8 LPA,3,0,0,3,100.0,100.0,100.0,100.0,95.4,99.7,100.0,98.7,2.29,2,0,3.76,4.62,0.86,0,45.6,0,5.6,-1.9,80,13,3,0.1467,0
IND_2026_0012,Female,SC,18.3,Hosteler,0.5,2-5 LPA,1,1,0,12,86.7,81.6,78.9,80.2,70.1,84.1,82.5,79.9,6.2,1,0,4.94,5.58,0.64,0,52.7,0,6.8,-1.2,34,9,3,0.4197,0
IND_2026_0013,Female,General,20.7,Hosteler,0.5,>8 LPA,3,0,0,3,74.2,67.9,79.5,77.1,83.3,74.4,69.9,74.9,-6.66,6,1,6.65,6.38,-0.27,0,66.6,0,7.6,-0.1,60,10,3,0.4963,0
IND_2026_0014,Female,General,20.7,Hosteler,0.5,<2 LPA,0,1,0,31,20.9,33.9,37.9,26.8,37.9,20.4,35.7,30.9,-1.11,13,1,5.66,4.58,-1.08,4,49.8,1,0.3,0.8,18,16,0,0.9999,1
IND_2026_0015,Male,General,18.1,Day Scholar,12.7,5-8 LPA,2,0,0,0,69.2,72.1,73.3,64.9,62.8,62.0,61.9,62.1,-0.44,8,1,8.34,8.2,-0.14,2,80.6,0,7.2,1.6,46,8,2,0.5733,1
IND_2026_0016,Male,General,20.4,Day Scholar,11.6,5-8 LPA,2,0,0,4,92.6,97.8,94.0,88.4,85.3,96.5,100.0,95.1,7.35,1,0,5.37,5.62,0.25,0,60.3,0,8.1,-0.8,13,7,7,0.0488,0
IND_2026_0017,Male,General,21.1,Day Scholar,10.7,5-8 LPA,2,0,0,4,59.6,58.1,59.2,57.0,53.4,60.5,61.6,59.1,4.08,9,1,6.5,6.06,-0.44,3,57.6,0,0.7,0.7,22,12,3,0.8959,1
IND_2026_0018,Male,SC,20.6,Day Scholar,12.1,2-5 LPA,1,1,0,30,91.3,82.8,95.8,100.0,91.2,83.1,76.1,82.3,-7.56,0,0,6.55,6.47,-0.08,0,64.9,0,7.0,-4.0,40,7,0,0.516,1
IND_2026_0019,Female,General,20.9,Hosteler,0.5,5-8 LPA,2,0,0,0,69.7,72.9,71.0,71.7,66.5,66.8,73.5,69.4,3.46,2,1,8.89,8.93,0.04,0,89.9,0,8.5,0.8,36,7,1,0.0887,0
IND_2026_0020,Female,SC,18.3,Hosteler,0.5,<2 LPA,0,0,0,32,77.0,80.0,84.8,79.8,84.3,77.2,69.4,75.9,-7.43,0,0,6.35,5.78,-0.57,0,60.0,0,7.2,-1.8,20,12,1,0.7414,1
IND_2026_0021,Female,ST,20.5,Day Scholar,13.0,<2 LPA,0,1,1,0,88.8,89.9,99.9,82.4,96.2,84.4,76.7,84.3,-9.74,1,0,7.83,8.32,0.49,0,83.6,0,9.1,-3.8,36,6,4,0.0435,0
IND_2026_0022,Male,OBC,19.7,Hosteler,0.5,2-5 LPA,1,0,1,3,83.5,73.7,85.1,79.8,75.2,76.7,75.4,75.8,0.12,2,0,7.47,7.63,0.16,0,75.6,0,6.2,2.6,48,7,2,0.1293,0
IND_2026_0023,Female,General,19.5,Hosteler,0.5,2-5 LPA,1,1,1,34,66.0,59.9,72.8,69.2,65.5,64.2,63.7,64.3,-0.92,9,1,8.46,8.1,-0.36,2,86.7,0,4.5,0.7,38,9,2,0.9036,1
IND_2026_0024,Female,OBC,21.2,Hosteler,0.5,2-5 LPA,1,0,0,1,82.6,92.3,96.8,93.4,92.8,87.5,86.9,88.6,-2.94,0,0,8.39,8.93,0.54,0,82.1,0,4.4,0.3,49,4,3,0.0211,0
IND_2026_0025,Female,General,22.0,Hosteler,0.5,2-5 LPA,1,1,0,1,88.9,98.6,100.0,95.5,85.9,93.0,92.4,91.0,3.23,1,0,7.15,7.39,0.24,0,69.4,0,9.6,-0.4,61,9,7,0.0754,0
IND_2026_0026,Male,OBC,22.4,Day Scholar,11.1,>8 LPA,3,0,0,4,91.8,92.1,85.7,96.2,85.3,92.1,100.0,93.5,7.37,0,0,4.83,4.99,0.16,1,46.3,0,7.9,-1.0,33,8,3,0.0453,0
IND_2026_0027,Male,EWS,21.8,Day Scholar,6.8,2-5 LPA,1,1,1,1,56.9,64.3,65.9,70.6,56.5,63.9,65.1,62.5,4.32,9,1,6.88,6.81,-0.07,1,62.9,0,8.2,-1.0,66,11,3,0.6006,1
IND_2026_0028,Male,EWS,20.0,Hosteler,0.5,2-5 LPA,1,1,0,1,68.0,86.6,84.7,77.3,67.0,78.2,83.1,77.3,8.06,0,0,7.17,7.49,0.32,0,61.2,0,5.4,0.6,26,10,4,0.1545,0
IND_2026_0029,Male,SC,20.6,Day Scholar,6.3,2-5 LPA,1,1,1,5,67.1,59.9,65.9,60.5,69.9,64.0,61.0,64.3,-4.42,10,1,7.6,7.1,-0.5,4,74.3,0,7.7,1.9,88,26,4,0.9767,1
IND_2026_0030,Female,General,21.1,Day Scholar,9.8,<2 LPA,0,1,0,34,96.0,98.9,100.0,96.1,94.2,91.6,96.3,94.1,1.04,0,0,6.17,6.38,0.21,0,55.5,0,4.1,-1.4,70,7,1,0.2121,0
IND_2026_0031,Female,SC,20.3,Day Scholar,4.1,5-8 LPA,2,1,0,4,74.1,72.3,80.1,68.0,74.7,72.2,72.2,72.8,-1.26,2,1,8.8,8.66,-0.14,0,83.1,0,5.4,3.3,36,11,3,0.5113,1
IND_2026_0032,Female,SC,20.3,Day Scholar,2.1,2-5 LPA,1,0,1,0,85.7,90.1,88.5,76.9,100.0,81.0,78.7,84.9,-10.64,0,0,7.22,7.22,0.0,0,61.5,0,7.3,-1.6,37,6,2,0.2359,0
IND_2026_0033,Male,OBC,21.2,Hosteler,0.5,<2 LPA,0,0,1,4,66.3,71.9,68.0,62.8,57.2,63.5,67.1,63.4,4.97,7,1,5.91,6.31,0.4,6,63.0,0,7.0,-3.4,39,9,2,0.7294,1
IND_2026_0034,Male,OBC,20.0,Day Scholar,7.6,>8 LPA,3,0,0,0,73.0,67.7,71.3,55.2,85.0,77.6,56.2,70.9,-14.39,2,1,6.56,6.6,0.04,0,58.8,0,9.5,-4.4,49,8,5,0.3228,0
IND_2026_0035,Male,General,19.2,Hosteler,0.5,5-8 LPA,2,0,0,0,47.9,53.4,46.0,48.0,40.7,38.8,37.2,38.7,-1.78,11,1,9.9,9.0,-0.9,3,79.8,0,5.3,-4.1,58,11,1,0.6413,1
IND_2026_0036,Male,General,19.6,Hosteler,0.5,5-8 LPA,2,0,0,1,70.2,88.4,90.9,77.1,84.7,84.1,83.4,84.0,-0.65,0,0,8.13,7.94,-0.19,0,76.4,0,5.6,-2.3,24,7,1,0.0311,0
IND_2026_0037,Male,OBC,20.9,Hosteler,0.5,>8 LPA,3,0,0,2,42.1,38.8,44.5,38.3,41.8,44.0,40.1,41.9,-0.84,15,1,8.67,8.18,-0.49,2,74.2,0,3.7,-0.7,42,11,2,0.7464,1
IND_2026_0038,Male,General,20.1,Day Scholar,12.0,>8 LPA,3,0,0,4,84.6,79.4,89.3,78.0,84.5,80.3,80.4,81.4,-2.08,0,0,5.74,5.62,-0.12,0,50.5,0,4.8,0.9,14,9,3,0.168,0
IND_2026_0039,Male,General,20.5,Hosteler,0.5,2-5 LPA,1,1,0,63,88.7,97.4,97.8,89.4,83.1,95.5,96.3,92.7,6.59,0,0,6.24,6.39,0.15,0,61.6,0,11.5,-1.3,39,8,1,0.7163,1
IND_2026_0040,Female,SC,21.0,Hosteler,0.5,5-8 LPA,2,0,1,0,88.5,93.4,96.7,83.9,82.1,87.1,92.9,88.2,5.4,2,0,6.25,6.93,0.68,0,69.8,0,8.6,0.6,81,6,0,0.009,0
IND_2026_0041,Male,EWS,19.6,Day Scholar,5.5,5-8 LPA,2,0,1,2,98.8,88.4,93.7,91.8,100.0,93.3,94.7,95.5,-2.64,0,0,7.46,8.15,0.69,0,73.3,0,10.2,-1.7,25,10,2,0.0219,0
IND_2026_0042,Female,OBC,21.1,Hosteler,0.5,2-5 LPA,1,0,0,24,93.0,91.8,89.7,90.1,92.4,95.8,83.8,90.1,-4.3,0,0,6.96,6.21,-0.75,0,54.0,0,6.4,-1.0,20,7,2,0.5093,1
IND_2026_0043,Female,SC,20.6,Hosteler,0.5,2-5 LPA,1,1,1,3,86.0,78.0,80.9,71.8,84.0,84.2,71.1,78.9,-6.41,1,0,6.51,6.54,0.03,0,62.2,0,6.5,-2.1,43,14,5,0.3644,0
IND_2026_0044,Male,EWS,18.5,Hosteler,0.5,<2 LPA,0,0,1,6,88.4,78.8,97.2,74.2,81.7,87.2,81.0,83.4,-0.37,0,0,6.69,6.96,0.27,0,68.8,0,8.3,2.0,77,9,4,0.1392,0
IND_2026_0045,Female,General,22.0,Hosteler,0.5,5-8 LPA,2,0,0,0,67.2,80.9,77.0,73.5,63.1,67.4,62.6,64.4,-0.26,9,1,6.09,5.67,-0.42,3,61.2,0,4.4,-3.5,39,12,6,0.9321,1
IND_2026_0046,Female,OBC,19.4,Hosteler,0.5,5-8 LPA,2,0,0,2,63.2,65.7,66.2,47.6,70.2,64.2,56.6,62.6,-6.83,6,1,6.95,6.71,-0.24,4,58.4,0,5.3,0.3,15,9,0,0.824,1
IND_2026_0047,Male,OBC,17.9,Hosteler,0.5,5-8 LPA,2,1,0,2,56.8,73.6,79.6,70.5,73.7,74.1,72.2,73.2,-0.74,3,1,8.76,7.9,-0.86,0,73.5,0,5.5,-1.5,19,9,2,0.3089,0
IND_2026_0048,Male,General,18.7,Hosteler,0.5,2-5 LPA,1,1,1,6,76.2,84.7,85.1,72.9,78.7,78.7,75.3,77.3,-1.72,0,0,5.08,3.86,-1.22,0,42.5,0,4.3,1.7,34,14,2,0.7277,1
IND_2026_0049,Female,SC,18.8,Day Scholar,4.1,<2 LPA,0,1,1,0,77.1,83.2,83.8,86.2,86.6,81.8,94.9,88.2,4.14,0,0,7.69,7.58,-0.11,0,81.9,0,7.5,-1.5,26,5,3,0.1173,0
IND_2026_0050,Male,OBC,20.2,Day Scholar,11.9,2-5 LPA,1,0,0,0,80.4,84.6,88.5,66.9,78.5,82.8,82.4,81.6,1.94,2,0,9.13,9.42,0.29,0,84.5,0,6.3,-1.8,50,11,5,0.1968,0
IND_2026_0051,Male,OBC,19.7,Day Scholar,8.5,2-5 LPA,1,1,0,12,87.5,77.4,89.9,81.1,87.0,87.4,77.2,83.2,-4.91,1,0,6.94,5.69,-1.25,0,50.4,0,6.9,-1.3,42,9,1,0.3502,0
IND_2026_0052,Male,General,19.7,Day Scholar,17.2,>8 LPA,3,0,0,4,60.4,53.7,59.8,53.5,43.8,56.0,59.2,54.2,7.73,7,1,6.46,5.56,-0.9,2,54.7,1,5.5,3.3,25,11,1,0.598,1
IND_2026_0053,Female,General,20.9,Day Scholar,13.7,>8 LPA,3,0,0,2,67.5,64.9,63.2,64.6,60.4,54.0,61.5,58.6,0.56,8,1,8.49,7.21,-1.28,2,65.6,0,5.5,-0.4,82,11,7,0.8149,1
IND_2026_0054,Female,ST,20.5,Day Scholar,8.3,>8 LPA,3,0,0,2,74.2,83.0,82.9,74.7,69.9,74.6,76.4,74.1,3.26,5,1,5.82,5.69,-0.13,0,50.3,0,4.2,3.9,47,12,1,0.7536,1
IND_2026_0055,Female,General,20.5,Day Scholar,3.0,>8 LPA,3,0,0,4,77.0,59.0,64.3,53.0,64.6,55.7,66.9,62.4,1.12,4,1,7.17,7.74,0.57,4,74.8,0,6.5,-0.1,66,13,4,0.8787,1
IND_2026_0056,Female,General,20.6,Day Scholar,10.5,>8 LPA,3,0,0,3,86.8,80.5,82.6,80.0,81.9,83.1,91.0,85.9,4.53,2,0,5.74,5.91,0.17,0,63.9,0,5.5,-0.8,59,11,3,0.2841,0
IND_2026_0057,Male,General,20.9,Day Scholar,10.0,2-5 LPA,1,0,0,13,45.7,56.6,58.8,57.7,62.3,51.3,48.2,52.8,-7.05,9,1,4.58,3.98,-0.6,0,31.3,1,4.3,0.4,27,17,2,0.992,1
IND_2026_0058,Male,OBC,17.5,Day Scholar,2.7,<2 LPA,0,0,1,32,70.3,70.2,69.5,63.3,73.5,74.8,67.5,71.6,-3.0,4,1,6.99,7.28,0.29,0,76.7,0,8.7,0.4,36,8,3,0.6785,1
IND_2026_0059,Male,OBC,19.6,Day Scholar,12.8,<2 LPA,0,0,1,3,85.1,85.9,90.1,84.8,89.7,94.8,83.9,89.2,-2.91,2,0,5.43,5.79,0.36,0,52.1,0,4.1,-2.2,35,7,3,0.4351,0
IND_2026_0060,Male,OBC,17.5,Hosteler,0.5,2-5 LPA,1,1,0,2,92.2,93.5,97.4,86.6,93.1,91.0,80.8,87.4,-6.14,0,0,7.18,7.39,0.21,0,71.9,0,11.6,-1.0,59,6,5,0.1844,0
IND_2026_0061,Female,General,20.1,Hosteler,0.5,2-5 LPA,1,1,0,13,82.9,85.6,94.9,83.9,70.8,94.4,99.4,90.5,14.29,2,0,8.76,9.56,0.8,0,98.8,0,8.2,-2.1,37,3,9,0.0041,0
IND_2026_0062,Male,General,20.1,Day Scholar,9.6,<2 LPA,0,1,0,63,57.6,48.5,67.5,76.2,59.7,61.9,58.3,59.9,-0.7,6,1,9.8,9.63,-0.17,3,93.1,0,7.9,-0.5,91,7,0,0.9143,1
IND_2026_0063,Male,SC,21.5,Day Scholar,7.0,>8 LPA,3,0,1,3,67.9,61.7,75.3,63.9,61.0,73.3,68.8,68.4,3.89,4,1,7.33,7.29,-0.04,0,67.8,0,4.9,0.0,27,11,2,0.2011,0
IND_2026_0064,Female,OBC,21.6,Hosteler,0.5,<2 LPA,0,1,0,19,60.1,62.9,76.5,64.0,60.8,70.2,72.9,68.9,6.03,4,1,8.63,8.42,-0.21,0,83.6,0,9.2,-0.2,45,18,2,0.2187,0
IND_2026_0065,Female,OBC,20.4,Day Scholar,11.0,>8 LPA,3,0,0,1,74.4,59.3,71.2,62.2,67.9,66.6,78.4,71.6,5.24,5,1,7.76,7.52,-0.24,0,70.6,0,6.4,-0.7,36,7,3,0.1428,0
IND_2026_0066,Male,SC,19.4,Day Scholar,10.7,5-8 LPA,2,0,1,3,83.7,78.2,85.5,81.6,73.2,76.7,83.5,78.5,5.16,1,0,6.66,7.16,0.5,0,70.6,0,6.0,2.4,33,27,3,0.3833,0
IND_2026_0067,Male,SC,20.7,Day Scholar,16.4,5-8 LPA,2,1,0,0,93.3,78.7,88.6,90.4,83.7,89.0,90.9,88.4,3.59,0,0,4.51,4.69,0.18,0,43.5,0,4.9,0.4,98,15,2,0.2173,0
IND_2026_0068,Male,General,19.4,Hosteler,0.5,5-8 LPA,2,0,0,7,85.1,96.1,95.0,81.0,84.2,87.1,85.9,85.9,0.85,1,0,9.48,10.0,0.52,0,99.0,0,7.8,3.7,41,2,4,0.0648,0
IND_2026_0069,Male,OBC,20.1,Hosteler,0.5,2-5 LPA,1,0,0,4,98.6,100.0,95.2,89.0,86.4,92.3,95.1,92.0,4.35,0,0,5.73,5.68,-0.05,0,47.0,0,7.5,-0.9,35,12,0,0.164,0
IND_2026_0070,Male,OBC,21.4,Day Scholar,8.6,5-8 LPA,2,0,0,3,79.7,82.1,98.8,79.6,80.0,86.9,90.1,86.5,5.07,0,0,9.14,10.0,0.86,0,89.9,0,8.7,0.0,37,3,1,0.0043,0
IND_2026_0071,Male,General,19.4,Day Scholar,21.3,<2 LPA,0,1,0,31,66.2,75.9,76.4,64.5,75.7,72.1,71.6,72.8,-2.02,6,1,7.95,8.11,0.16,0,70.0,0,6.8,-2.7,42,9,3,0.2768,0
IND_2026_0072,Male,SC,21.1,Day Scholar,6.3,>8 LPA,3,0,1,33,77.8,79.8,94.7,90.3,87.7,91.5,80.9,86.3,-3.37,1,0,5.83,5.68,-0.15,0,53.7,0,5.0,2.3,37,10,2,0.2519,0
IND_2026_0073,Female,OBC,21.0,Day Scholar,12.7,2-5 LPA,1,1,0,1,66.9,65.2,73.2,61.0,67.4,62.5,69.5,66.5,1.04,2,1,7.64,7.66,0.02,0,65.1,0,4.9,-2.3,23,14,2,0.3855,0
IND_2026_0074,Male,SC,18.9,Day Scholar,16.7,2-5 LPA,1,0,0,22,99.5,100.0,96.1,73.4,83.2,95.0,89.5,89.9,3.19,0,0,9.95,10.0,0.05,0,91.5,0,7.6,-1.2,42,6,3,0.0309,0
IND_2026_0075,Male,ST,21.4,Hosteler,0.5,5-8 LPA,2,0,0,1,75.5,76.6,85.3,89.5,74.3,81.2,83.1,80.3,4.4,0,0,9.35,9.5,0.15,0,84.7,0,8.8,-2.3,62,5,2,0.0098,0
IND_2026_0076,Male,OBC,21.0,Hosteler,0.5,5-8 LPA,2,1,0,8,84.3,85.6,92.2,79.6,90.8,80.9,89.9,87.0,-0.45,1,0,6.48,6.56,0.08,0,69.7,0,8.2,-0.1,65,8,3,0.0465,0
IND_2026_0077,Male,ST,20.2,Hosteler,0.5,2-5 LPA,1,1,0,10,91.4,87.5,98.1,88.9,96.6,89.3,82.1,88.2,-7.24,0,0,6.2,6.47,0.27,0,56.5,0,8.5,-1.6,42,7,1,0.3421,0
IND_2026_0078,Female,OBC,19.1,Day Scholar,13.9,5-8 LPA,2,0,0,2,93.9,96.7,93.6,99.9,96.5,87.8,86.7,89.5,-4.9,0,0,7.34,8.13,0.79,0,70.8,0,7.7,-3.4,47,5,2,0.0439,0
IND_2026_0079,Male,ST,19.0,Day Scholar,6.2,<2 LPA,0,1,1,4,52.3,37.2,56.4,52.2,55.8,57.4,54.3,55.8,-0.73,9,1,6.97,6.72,-0.25,4,65.1,0,6.3,-0.8,29,13,1,0.7788,1
IND_2026_0080,Female,General,19.4,Hosteler,0.5,5-8 LPA,2,0,0,3,69.2,70.0,75.1,69.3,76.6,70.9,68.4,71.3,-4.11,5,1,8.88,8.28,-0.6,0,87.1,0,6.6,2.3,33,6,5,0.1565,0
IND_2026_0081,Female,OBC,20.8,Day Scholar,30.7,2-5 LPA,1,0,0,12,61.6,69.5,67.0,59.1,70.1,69.4,63.2,67.1,-3.44,6,1,8.24,7.56,-0.68,0,71.2,0,2.9,0.2,26,7,3,0.5081,1
IND_2026_0082,Male,OBC,18.9,Hosteler,0.5,2-5 LPA,1,1,0,4,44.8,44.6,55.6,34.8,53.1,42.4,43.3,45.4,-4.89,14,1,4.83,4.21,-0.62,1,39.8,1,3.5,-2.0,14,16,3,0.992,1
IND_2026_0083,Female,General,20.7,Hosteler,0.5,<2 LPA,0,1,0,45,71.2,68.9,63.2,61.0,68.3,73.4,64.7,68.7,-1.79,5,1,7.84,7.84,0.0,0,80.9,0,5.9,1.5,29,14,6,0.7919,1
IND_2026_0084,Male,OBC,18.5,Hosteler,0.5,2-5 LPA,1,0,1,19,85.6,91.7,88.2,85.6,82.4,85.4,87.1,85.3,2.38,2,0,6.95,6.9,-0.05,0,69.9,0,4.9,-3.1,62,7,2,0.0672,0
IND_2026_0085,Male,ST,19.8,Hosteler,0.5,2-5 LPA,1,0,0,11,79.6,76.3,90.6,84.2,77.2,86.0,83.5,82.8,3.16,1,0,7.25,8.16,0.91,0,79.6,0,6.3,0.2,36,6,5,0.0596,0
IND_2026_0086,Male,OBC,20.2,Day Scholar,11.7,2-5 LPA,1,1,0,14,57.2,61.3,57.1,44.4,42.9,47.6,48.6,46.8,2.82,22,1,7.55,7.21,-0.34,1,65.6,0,5.6,1.1,29,11,3,0.9688,1
IND_2026_0087,Female,General,23.3,Hosteler,0.5,<2 LPA,0,0,0,34,64.7,60.4,65.1,66.3,72.8,65.6,68.7,68.7,-2.06,3,1,8.88,8.44,-0.44,0,82.5,0,4.6,0.3,35,7,2,0.5927,1
IND_2026_0088,Male,General,18.3,Day Scholar,9.6,<2 LPA,0,1,1,3,95.9,94.5,91.0,72.5,92.4,95.0,89.2,92.0,-1.57,2,0,8.57,8.67,0.1,0,75.6,0,6.6,2.2,84,7,6,0.0677,0
IND_2026_0089,Male,General,22.0,Day Scholar,37.8,2-5 LPA,1,1,0,23,53.7,46.1,51.1,46.5,45.7,37.6,39.0,40.2,-3.38,22,1,6.15,5.18,-0.97,3,46.1,0,7.2,-1.1,19,21,2,0.9968,1
IND_2026_0090,Male,General,20.3,Hosteler,0.5,<2 LPA,0,0,1,3,70.5,67.4,74.3,69.3,65.5,71.2,67.6,68.3,1.01,4,1,7.12,6.8,-0.32,0,71.8,1,2.9,0.8,42,10,3,0.2462,0
IND_2026_0091,Male,ST,20.6,Hosteler,0.5,5-8 LPA,2,0,0,1,79.2,85.9,97.6,100.0,83.3,83.3,92.1,86.8,4.38,2,0,6.57,7.43,0.86,0,77.1,0,6.9,1.4,42,5,3,0.0262,0
IND_2026_0092,Female,OBC,20.3,Day Scholar,8.2,>8 LPA,3,0,0,0,90.5,76.6,77.5,74.9,76.5,75.2,86.3,79.9,4.88,1,0,4.85,5.42,0.57,0,53.7,0,3.7,-1.9,38,9,8,0.0626,0
IND_2026_0093,Male,General,20.7,Hosteler,0.5,2-5 LPA,1,0,0,1,78.1,76.9,71.6,67.2,68.8,73.2,78.2,74.1,4.7,3,1,7.05,7.04,-0.01,0,57.2,0,5.0,-2.5,44,7,3,0.3437,0
IND_2026_0094,Male,OBC,19.9,Day Scholar,6.1,>8 LPA,3,1,0,2,83.0,79.9,92.2,82.6,81.4,81.0,78.2,80.0,-1.63,2,0,9.78,10.0,0.22,0,89.0,0,7.7,-2.5,50,5,5,0.0673,0
IND_2026_0095,Male,General,22.0,Hosteler,0.5,<2 LPA,0,1,1,3,99.6,92.6,95.8,89.6,100.0,94.0,89.8,93.8,-5.12,2,0,4.8,5.64,0.84,0,50.2,0,4.8,-0.3,58,16,3,0.2642,0
IND_2026_0096,Female,General,19.5,Day Scholar,12.3,<2 LPA,0,1,1,1,86.1,77.7,78.9,82.9,85.1,71.6,71.7,75.0,-6.68,0,0,7.17,7.2,0.03,0,67.5,0,7.8,-4.0,39,8,4,0.2223,0
IND_2026_0097,Male,SC,21.6,Day Scholar,14.8,5-8 LPA,2,0,1,2,72.3,57.7,67.8,62.6,65.4,63.1,64.7,64.3,-0.34,4,1,7.12,7.03,-0.09,0,60.5,0,8.8,0.7,81,11,7,0.2505,0
IND_2026_0098,Male,OBC,19.3,Hosteler,0.5,5-8 LPA,2,0,0,0,63.9,63.3,76.7,57.0,67.6,67.5,65.7,66.8,-0.94,6,1,7.6,7.66,0.06,0,71.5,0,8.1,-3.9,40,7,1,0.1133,0
IND_2026_0099,Male,EWS,20.0,Hosteler,0.5,5-8 LPA,2,1,1,0,57.0,48.7,54.0,41.6,62.0,49.6,46.3,51.4,-7.86,10,1,5.85,5.48,-0.37,3,60.9,1,6.8,3.2,14,13,2,0.964,1
IND_2026_0100,Female,OBC,18.7,Day Scholar,14.2,<2 LPA,0,1,0,4,58.8,63.6,79.2,65.7,64.9,71.9,57.8,64.5,-3.56,7,1,5.2,4.59,-0.61,1,45.6,0,2.2,1.3,43,13,1,0.9119,1
IND_2026_0101,Female,OBC,20.7,Hosteler,0.5,5-8 LPA,2,1,0,4,96.2,94.5,92.8,99.8,98.2,89.8,81.1,88.4,-8.58,0,0,5.27,5.3,0.03,0,51.4,0,5.9,3.5,46,9,2,0.9276,1
IND_2026_0102,Female,SC,22.0,Hosteler,0.5,2-5 LPA,1,0,0,14,83.3,84.1,87.8,82.0,97.9,82.5,73.4,82.7,-12.26,1,0,9.06,9.12,0.06,0,81.6,0,8.8,-0.2,47,3,5,0.2602,0
IND_2026_0103,Male,ST,20.0,Hosteler,0.5,2-5 LPA,1,0,1,1,57.7,66.9,55.2,59.7,47.6,53.7,59.8,54.6,6.13,9,1,5.82,4.99,-0.83,3,39.2,0,6.4,-0.3,27,16,2,0.8968,1
IND_2026_0104,Female,SC,19.8,Hosteler,0.5,<2 LPA,0,1,1,2,89.0,77.7,94.0,95.0,78.2,89.5,96.6,89.5,9.19,1,0,6.5,6.2,-0.3,0,52.8,0,10.3,-2.8,16,16,6,0.1817,0
IND_2026_0105,Female,EWS,18.7,Day Scholar,13.3,>8 LPA,3,0,1,3,87.3,91.4,92.3,88.7,79.3,94.0,94.8,90.7,7.78,1,0,9.95,10.0,0.05,0,86.6,0,10.7,-1.7,22,4,0,0.0133,0
IND_2026_0106,Female,SC,19.8,Day Scholar,14.2,<2 LPA,0,1,1,1,52.8,58.0,56.0,50.3,61.2,67.9,51.6,59.7,-4.78,9,1,6.17,5.94,-0.23,4,56.8,0,7.2,-0.1,71,12,2,0.7279,1
IND_2026_0107,Male,ST,18.0,Hosteler,0.5,5-8 LPA,2,0,1,3,71.0,70.8,81.6,65.6,63.4,69.3,70.2,68.2,3.4,6,1,7.68,6.91,-0.77,0,67.6,0,11.4,2.0,29,9,2,0.1565,0
IND_2026_0108,Male,General,18.9,Day Scholar,3.4,5-8 LPA,2,0,0,3,68.8,63.8,61.9,66.4,62.5,64.3,53.9,59.7,-4.31,9,1,8.69,8.2,-0.49,1,73.1,0,6.6,-2.8,59,12,2,0.5329,1
IND_2026_0109,Male,SC,20.4,Hosteler,0.5,5-8 LPA,2,0,1,17,94.7,97.1,100.0,99.7,96.6,100.0,92.5,96.1,-2.07,0,0,8.62,9.06,0.44,0,86.8,0,7.8,2.3,25,5,4,0.0603,0
IND_2026_0110,Female,OBC,21.8,Hosteler,0.5,5-8 LPA,2,0,0,2,73.5,71.2,78.1,73.4,76.2,71.2,67.0,70.7,-4.61,6,1,5.34,5.31,-0.03,1,57.8,0,5.9,2.6,22,15,3,0.7501,1
IND_2026_0111,Male,OBC,23.8,Day Scholar,15.2,>8 LPA,3,0,0,6,72.4,65.7,81.1,64.6,69.6,76.1,66.4,70.6,-1.61,2,1,6.2,5.6,-0.6,0,63.0,0,3.9,-0.7,48,14,4,0.5825,1
IND_2026_0112,Male,OBC,19.3,Day Scholar,5.5,<2 LPA,0,0,1,4,73.8,77.1,82.3,70.3,69.1,76.9,78.4,75.5,4.66,1,0,7.62,7.02,-0.6,0,70.5,0,6.7,3.1,38,11,0,0.1247,0
IND_2026_0113,Male,EWS,22.0,Hosteler,0.5,<2 LPA,0,1,1,9,73.1,71.9,81.4,79.4,81.3,82.8,83.4,82.7,1.01,1,0,9.9,10.0,0.1,1,94.1,0,4.8,-3.7,63,3,2,0.1237,0
IND_2026_0114,Male,EWS,20.4,Hosteler,0.5,2-5 LPA,1,0,1,9,45.9,57.9,58.5,51.3,49.5,55.1,53.2,52.9,1.86,9,1,6.13,4.89,-1.24,1,50.1,1,3.5,0.9,30,19,1,0.819,1
IND_2026_0115,Male,General,19.9,Day Scholar,9.0,2-5 LPA,1,0,0,13,58.8,63.4,60.0,69.7,63.2,56.2,61.1,59.9,-1.05,6,1,6.51,6.03,-0.48,2,64.0,0,5.2,-2.9,31,11,0,0.7871,1
IND_2026_0116,Female,SC,20.7,Day Scholar,7.4,<2 LPA,0,1,1,1,70.5,80.7,91.0,64.9,74.6,84.5,88.4,83.6,6.94,2,0,7.79,7.86,0.07,0,64.6,0,9.2,2.7,32,6,4,0.0107,0
IND_2026_0117,Female,SC,20.2,Hosteler,0.5,<2 LPA,0,1,1,3,79.2,69.5,68.2,69.0,78.4,64.6,64.1,67.8,-7.14,2,1,8.07,7.83,-0.24,0,81.8,0,8.8,-4.5,23,13,2,0.1191,0
IND_2026_0118,Female,General,20.2,Hosteler,0.5,2-5 LPA,1,0,0,1,70.0,66.9,68.6,65.2,68.9,61.3,65.5,64.9,-1.69,4,1,8.15,8.01,-0.14,0,73.4,0,4.6,-4.0,74,8,4,0.3138,0
IND_2026_0119,Male,General,19.6,Day Scholar,7.7,<2 LPA,0,1,0,19,84.6,91.9,88.8,73.2,91.8,85.6,75.6,83.1,-8.12,2,0,6.02,6.94,0.92,0,63.3,0,11.0,-2.5,83,7,0,0.3215,0
IND_2026_0120,Female,General,18.3,Hosteler,0.5,<2 LPA,0,1,1,1,80.5,100.0,99.5,96.4,87.5,89.2,93.5,90.5,3.01,1,0,6.46,6.13,-0.33,0,56.5,0,7.1,1.9,26,11,2,0.1243,0
IND_2026_0121,Female,SC,18.1,Hosteler,0.5,>8 LPA,3,0,1,2,73.8,91.5,87.7,77.7,84.7,84.7,85.9,85.2,0.58,1,0,7.5,8.15,0.65,0,79.0,0,8.0,0.6,27,5,2,0.0745,0
IND_2026_0122,Female,OBC,20.9,Hosteler,0.5,2-5 LPA,1,0,0,20,70.7,67.6,80.8,66.2,83.8,71.3,58.8,69.4,-12.47,5,1,8.97,7.7,-1.27,0,67.6,0,3.4,-0.6,34,13,8,0.9254,1
IND_2026_0123,Male,EWS,19.7,Hosteler,0.5,>8 LPA,3,0,1,0,92.6,84.2,87.6,91.7,83.2,81.5,83.8,82.8,0.3,1,0,6.87,7.69,0.82,0,71.6,0,5.9,1.0,50,6,1,0.0478,0
IND_2026_0124,Male,OBC,19.3,Day Scholar,10.2,>8 LPA,3,0,0,1,86.2,94.1,96.9,95.4,100.0,86.8,86.2,89.8,-6.92,1,0,7.17,6.62,-0.55,0,65.5,0,9.1,-1.4,39,9,2,0.2154,0
IND_2026_0125,Male,EWS,20.1,Day Scholar,6.9,<2 LPA,0,0,0,2,62.3,52.1,56.2,59.2,51.0,60.7,61.1,58.5,5.06,4,1,5.76,6.44,0.68,1,62.3,0,5.9,0.7,43,12,4,0.3198,0
IND_2026_0126,Male,OBC,21.1,Day Scholar,10.7,5-8 LPA,2,0,0,0,68.6,64.5,82.2,72.1,75.6,71.1,68.6,71.2,-3.54,4,1,9.81,9.54,-0.27,0,92.5,0,7.7,2.1,44,5,3,0.179,0
IND_2026_0127,Male,SC,20.3,Day Scholar,10.7,5-8 LPA,2,0,1,4,77.9,77.2,78.4,74.4,67.4,79.4,78.5,76.0,5.53,2,0,7.42,8.03,0.61,0,74.7,0,7.5,-1.7,40,8,3,0.0144,0
IND_2026_0128,Male,General,19.2,Day Scholar,5.2,5-8 LPA,2,0,0,0,90.4,87.6,94.1,95.2,77.0,78.4,89.5,82.5,6.23,1,0,8.71,9.39,0.68,0,92.7,0,5.1,-3.5,140,5,1,0.0915,0
IND_2026_0129,Male,OBC,21.7,Hosteler,0.5,<2 LPA,0,1,1,9,91.3,84.5,100.0,96.9,96.7,92.6,96.6,95.2,-0.07,2,0,7.24,7.55,0.31,0,77.0,0,7.5,-0.6,36,8,1,0.1608,0
IND_2026_0130,Female,SC,22.2,Hosteler,0.5,<2 LPA,0,1,1,1,63.1,63.3,73.3,60.0,71.8,71.7,66.1,69.5,-2.85,4,1,7.32,7.02,-0.3,0,71.7,0,9.1,0.9,80,17,5,0.1373,0
IND_2026_0131,Male,ST,20.7,Day Scholar,13.3,<2 LPA,0,1,1,6,95.9,90.6,95.5,75.6,82.9,91.3,92.0,89.5,4.57,0,0,5.1,5.09,-0.01,0,50.5,0,8.5,-0.5,73,11,5,0.0849,0
IND_2026_0132,Female,SC,21.4,Hosteler,0.5,5-8 LPA,2,0,1,0,74.7,74.7,66.1,76.4,75.0,71.3,75.1,73.7,0.04,3,1,4.19,4.51,0.32,1,47.5,0,5.1,2.1,42,10,4,0.6299,1
IND_2026_0133,Female,General,21.7,Day Scholar,5.8,>8 LPA,3,0,1,4,85.4,86.7,82.1,76.5,78.2,76.7,80.6,78.6,1.22,2,0,8.95,8.85,-0.1,0,88.4,0,10.6,-2.0,19,6,2,0.0215,0
IND_2026_0134,Male,OBC,21.6,Day Scholar,9.9,5-8 LPA,2,0,0,3,74.9,71.3,87.4,67.0,89.6,75.1,72.4,77.6,-8.63,1,0,7.31,7.01,-0.3,0,80.0,0,4.1,-0.7,40,8,3,0.4843,0
IND_2026_0135,Female,General,20.9,Hosteler,0.5,5-8 LPA,2,0,1,0,66.8,71.3,66.0,59.3,55.3,55.7,57.4,56.3,1.05,8,1,7.49,7.26,-0.23,1,75.1,0,3.9,0.5,28,15,3,0.4397,0
IND_2026_0136,Male,General,20.9,Day Scholar,19.6,>8 LPA,3,0,0,0,65.1,55.0,62.6,59.6,69.0,57.9,62.6,62.6,-3.17,11,1,5.45,4.74,-0.71,5,44.6,0,8.7,0.8,32,12,1,0.9926,1
IND_2026_0137,Female,SC,20.8,Hosteler,0.5,5-8 LPA,2,0,0,3,53.4,39.6,53.6,52.5,42.4,50.2,51.2,48.7,4.4,19,1,5.94,5.13,-0.81,2,44.2,0,5.7,4.0,19,18,5,0.9733,1
IND_2026_0138,Male,SC,18.7,Hosteler,0.5,<2 LPA,0,0,1,4,83.3,82.2,76.4,83.6,71.9,85.1,83.1,81.0,5.56,1,0,8.69,8.89,0.2,0,83.1,0,7.1,-0.8,64,5,2,0.1494,0
IND_2026_0139,Female,SC,21.0,Day Scholar,3.8,>8 LPA,3,0,1,0,83.1,79.9,91.8,79.9,74.0,83.0,93.2,84.9,9.6,2,0,9.64,9.6,-0.04,0,89.5,0,8.0,-2.6,76,3,9,0.0137,0
IND_2026_0140,Male,ST,18.3,Hosteler,0.5,2-5 LPA,1,1,0,11,71.6,71.4,68.1,74.0,73.2,71.2,73.6,72.6,0.2,6,1,6.33,6.05,-0.28,0,60.0,0,4.4,0.7,62,12,3,0.3839,0
IND_2026_0141,Male,SC,19.1,Day Scholar,5.4,<2 LPA,0,1,0,32,66.6,68.8,77.8,63.8,69.0,68.4,71.2,69.7,1.09,5,1,8.14,8.7,0.56,0,79.1,0,7.6,1.0,35,10,3,0.8245,1
IND_2026_0142,Male,SC,21.8,Day Scholar,14.8,2-5 LPA,1,0,0,0,93.7,86.8,96.6,82.9,88.4,92.1,96.4,92.9,3.98,1,0,7.47,7.83,0.36,0,80.3,0,8.1,0.1,29,5,4,0.0717,0
IND_2026_0143,Female,General,21.2,Day Scholar,17.8,>8 LPA,3,0,0,1,77.2,73.8,80.5,72.7,69.0,76.0,77.8,75.0,4.41,1,0,7.03,6.87,-0.16,0,58.3,0,6.5,0.8,46,10,1,0.2115,0
IND_2026_0144,Male,General,22.0,Hosteler,0.5,2-5 LPA,1,0,0,0,77.4,88.8,92.5,92.3,84.3,84.1,91.3,87.0,3.52,2,0,9.79,10.0,0.21,0,86.8,0,6.1,-5.4,111,2,5,0.0297,0
IND_2026_0145,Male,OBC,19.7,Hosteler,0.5,2-5 LPA,1,0,0,2,62.3,70.7,75.5,68.4,71.2,69.0,69.6,69.8,-0.78,6,1,6.57,6.64,0.07,0,62.4,0,6.7,-6.1,38,13,6,0.1622,0
IND_2026_0146,Male,ST,18.6,Hosteler,0.5,<2 LPA,0,1,1,3,77.2,93.7,92.5,95.2,89.2,83.0,92.6,88.4,1.73,0,0,8.94,8.81,-0.13,0,79.5,0,6.9,1.0,58,6,6,0.0089,0
IND_2026_0147,Male,General,19.8,Hosteler,0.5,<2 LPA,0,1,0,2,84.9,80.2,80.6,91.6,90.1,83.3,76.6,82.3,-6.77,1,0,7.73,8.1,0.37,0,70.7,0,5.4,-0.4,39,6,4,0.1656,0
IND_2026_0148,Male,OBC,20.2,Day Scholar,13.3,<2 LPA,0,1,0,61,65.2,66.8,78.6,64.9,81.3,71.5,62.4,70.3,-9.44,2,1,7.18,7.18,0.0,0,65.0,0,8.9,-0.8,31,12,5,0.9564,1
IND_2026_0149,Male,SC,20.2,Hosteler,0.5,5-8 LPA,2,0,1,2,68.7,57.6,64.3,44.5,66.0,67.1,74.4,69.7,4.19,2,1,9.12,8.18,-0.94,0,73.9,0,11.2,0.5,55,11,2,0.0887,0
IND_2026_0150,Male,General,21.6,Hosteler,0.5,>8 LPA,3,1,0,2,78.9,77.1,74.7,83.4,84.3,83.2,84.6,84.0,0.11,2,0,7.61,8.64,1.03,0,82.1,0,11.6,2.6,44,4,7,0.1652,0
IND_2026_0151,Female,OBC,19.6,Day Scholar,12.9,<2 LPA,0,1,1,5,72.3,65.7,76.2,68.3,77.1,78.0,66.4,73.1,-5.36,2,1,7.07,7.68,0.61,0,69.9,0,8.0,2.1,48,9,5,0.4375,0
IND_2026_0152,Female,ST,20.6,Hosteler,0.5,2-5 LPA,1,0,1,0,69.9,59.9,70.4,59.2,63.5,60.7,70.9,65.5,3.71,2,1,9.13,8.53,-0.6,0,78.3,0,6.3,1.1,51,9,0,0.0984,0
IND_2026_0153,Male,SC,18.8,Hosteler,0.5,<2 LPA,0,1,1,0,91.3,93.2,95.4,84.2,83.4,92.9,97.0,92.1,6.81,1,0,8.95,8.87,-0.08,0,84.2,0,8.0,-3.9,57,3,3,0.0395,0
IND_2026_0154,Male,General,20.7,Hosteler,0.5,<2 LPA,0,1,0,49,67.2,73.7,84.9,78.6,86.9,84.4,83.1,84.5,-1.92,1,0,8.88,9.22,0.34,0,92.7,0,8.8,-3.5,61,6,5,0.5401,1
IND_2026_0155,Male,ST,20.1,Day Scholar,7.3,2-5 LPA,1,0,1,3,85.3,95.0,98.8,94.3,81.9,85.4,83.4,83.7,0.72,2,0,3.5,3.08,-0.42,1,36.6,0,4.3,-5.2,22,12,0,0.6337,1
IND_2026_0156,Female,General,19.1,Day Scholar,19.7,5-8 LPA,2,0,0,0,35.1,33.5,37.2,31.7,39.5,33.9,22.7,30.8,-8.43,20,1,7.82,7.33,-0.49,2,70.4,0,7.3,1.8,20,17,2,0.9653,1
IND_2026_0157,Male,ST,19.8,Hosteler,0.5,5-8 LPA,2,0,1,1,95.6,85.5,90.7,92.7,91.6,78.8,81.0,82.9,-5.31,0,0,7.5,7.49,-0.01,0,72.3,0,3.0,1.2,42,9,5,0.182,0
IND_2026_0158,Female,General,19.9,Day Scholar,13.2,2-5 LPA,1,0,0,2,83.5,67.7,78.2,74.8,67.3,79.2,72.2,73.4,2.48,6,1,7.15,7.84,0.69,0,73.6,0,6.2,1.6,41,12,2,0.025,0
IND_2026_0159,Female,OBC,19.7,Day Scholar,15.0,2-5 LPA,1,0,0,0,76.0,88.4,92.2,80.1,91.4,86.3,81.3,85.6,-5.06,1,0,8.05,7.94,-0.11,0,77.8,0,9.0,0.0,35,7,2,0.1023,0
IND_2026_0160,Female,OBC,22.4,Day Scholar,17.2,<2 LPA,0,1,0,19,38.6,40.7,47.0,35.9,33.8,37.2,48.5,40.9,7.36,15,1,7.56,6.66,-0.9,2,65.2,0,3.1,-0.1,35,17,3,0.9806,1
IND_2026_0161,Male,General,20.0,Hosteler,0.5,<2 LPA,0,1,1,4,55.8,61.4,71.0,67.1,69.4,62.8,66.0,65.7,-1.68,5,1,8.15,8.49,0.34,0,87.3,0,6.3,-2.3,61,7,2,0.1776,0
IND_2026_0162,Female,ST,19.8,Hosteler,0.5,>8 LPA,3,0,1,6,83.5,75.4,81.3,78.1,75.8,67.5,69.8,70.5,-3.0,3,1,6.82,6.56,-0.26,0,52.9,0,7.3,-2.4,63,9,4,0.3265,0
IND_2026_0163,Male,General,17.5,Day Scholar,19.0,5-8 LPA,2,1,0,0,77.0,61.7,67.6,75.9,65.8,69.7,76.1,71.3,5.12,3,1,9.3,9.33,0.03,0,87.5,0,10.4,-1.8,83,6,2,0.0415,0
IND_2026_0164,Male,General,18.9,Hosteler,0.5,>8 LPA,3,0,0,1,76.9,65.8,71.7,71.0,72.0,72.9,75.0,73.5,1.51,5,1,8.29,8.74,0.45,0,84.7,0,4.7,-3.5,24,5,6,0.0184,0
IND_2026_0165,Male,General,19.8,Day Scholar,7.5,>8 LPA,3,0,0,2,89.5,82.4,92.2,87.7,85.4,83.2,97.4,89.4,6.01,1,0,7.96,8.07,0.11,0,76.5,0,4.9,2.3,27,14,4,0.2572,0
IND_2026_0166,Male,SC,19.2,Day Scholar,7.6,5-8 LPA,2,0,1,4,76.4,70.0,71.3,70.2,74.6,71.2,55.7,65.8,-9.44,4,1,7.89,7.09,-0.8,0,62.7,0,4.3,-3.5,33,11,2,0.4353,0
IND_2026_0167,Female,SC,21.9,Hosteler,0.5,>8 LPA,3,0,0,1,81.0,73.8,80.1,69.1,74.5,78.9,69.2,73.9,-2.66,5,1,8.82,8.14,-0.68,0,70.8,0,3.9,-1.6,43,12,4,0.1932,0
IND_2026_0168,Female,EWS,19.9,Day Scholar,12.5,2-5 LPA,1,0,0,1,67.5,66.4,64.7,50.6,61.6,60.5,60.0,60.6,-0.78,5,1,8.63,8.53,-0.1,1,85.1,0,3.6,-5.1,35,7,6,0.6203,1
IND_2026_0169,Male,General,21.8,Day Scholar,27.3,<2 LPA,0,1,1,1,76.3,68.5,79.9,66.0,72.8,72.4,69.2,71.2,-1.78,2,1,7.04,7.12,0.08,0,63.9,0,4.5,-0.1,30,9,3,0.4217,0
IND_2026_0170,Female,OBC,20.2,Day Scholar,20.2,<2 LPA,0,0,1,0,78.9,84.1,80.0,77.3,80.4,82.7,87.5,84.0,3.54,1,0,8.59,9.29,0.7,0,79.5,0,10.4,-1.8,41,9,3,0.0126,0
IND_2026_0171,Male,General,20.1,Hosteler,0.5,<2 LPA,0,1,1,0,86.2,81.0,85.5,84.2,84.7,81.5,82.2,82.6,-1.21,0,0,7.44,7.51,0.07,0,75.6,0,6.5,-2.0,53,6,3,0.1537,0
IND_2026_0172,Male,OBC,20.0,Day Scholar,21.0,<2 LPA,0,0,1,2,82.1,72.0,75.9,84.0,85.1,72.9,83.5,80.2,-0.82,1,0,9.88,9.37,-0.51,0,91.3,0,7.9,-3.8,26,4,1,0.0122,0
IND_2026_0173,Male,EWS,20.1,Day Scholar,13.4,2-5 LPA,1,1,0,23,83.2,86.5,89.9,72.9,88.3,81.8,80.3,82.8,-3.98,0,0,8.74,7.88,-0.86,0,74.3,0,5.4,-1.3,124,8,5,0.3855,0
IND_2026_0174,Female,SC,22.3,Day Scholar,8.6,5-8 LPA,2,0,1,0,76.4,78.1,75.0,72.3,70.4,77.3,82.4,77.6,5.96,1,0,6.32,7.68,1.36,0,68.4,0,8.2,-2.3,42,8,7,0.0658,0
IND_2026_0175,Male,OBC,17.5,Day Scholar,31.1,5-8 LPA,2,1,0,1,88.3,78.0,86.9,77.0,78.6,82.5,79.9,80.5,0.62,2,0,9.95,10.0,0.05,0,94.4,0,11.9,-2.2,78,3,1,0.013,0
IND_2026_0176,Male,OBC,17.5,Day Scholar,12.9,2-5 LPA,1,1,0,14,73.4,63.6,61.5,66.9,70.9,63.4,64.5,65.7,-3.23,4,1,4.26,4.09,-0.17,0,44.9,0,3.0,4.6,24,17,1,0.8989,1
IND_2026_0177,Male,ST,19.4,Hosteler,0.5,<2 LPA,0,0,1,4,48.4,52.2,55.4,47.2,52.6,53.8,46.9,50.7,-2.87,11,1,8.09,7.61,-0.48,4,64.2,0,9.2,0.1,46,13,3,0.8056,1
IND_2026_0178,Female,OBC,20.1,Hosteler,0.5,5-8 LPA,2,1,0,3,68.1,68.9,77.3,64.7,69.1,63.6,68.8,67.1,-0.13,4,1,6.23,5.39,-0.84,0,43.4,0,6.2,1.0,36,22,4,0.7721,1
IND_2026_0179,Female,General,21.0,Hosteler,0.5,2-5 LPA,1,1,0,22,95.9,91.5,98.7,81.9,92.8,96.4,88.8,92.5,-1.99,2,0,9.84,9.92,0.08,0,91.1,0,8.7,-3.3,76,2,3,0.0948,0
IND_2026_0180,Female,OBC,20.7,Day Scholar,11.2,<2 LPA,0,0,1,2,56.2,46.1,50.7,54.7,56.4,53.3,54.5,54.5,-0.92,6,1,7.55,7.82,0.27,0,74.2,0,6.8,-2.2,33,13,1,0.0901,0
IND_2026_0181,Female,General,19.6,Day Scholar,5.9,2-5 LPA,1,1,1,1,93.4,97.0,97.9,93.4,97.3,100.0,100.0,99.3,1.36,2,0,6.09,6.99,0.9,1,63.9,0,8.4,-1.6,91,10,0,0.0068,0
IND_2026_0182,Female,General,21.4,Day Scholar,11.8,2-5 LPA,1,0,0,1,74.0,58.3,60.7,56.1,67.2,61.1,61.7,62.9,-2.75,8,1,6.83,6.18,-0.65,3,61.9,0,9.3,5.3,18,14,2,0.9491,1
IND_2026_0183,Male,General,21.4,Hosteler,0.5,2-5 LPA,1,1,0,21,76.8,68.7,71.5,70.5,72.4,75.6,78.5,76.0,3.06,0,0,6.2,5.67,-0.53,0,59.3,0,7.0,-1.1,56,11,0,0.3061,0
IND_2026_0184,Male,OBC,20.3,Day Scholar,38.8,5-8 LPA,2,0,0,3,67.3,62.8,68.6,70.0,55.1,75.4,71.1,68.6,8.02,4,1,6.77,6.38,-0.39,0,62.0,0,7.0,0.3,38,14,1,0.1732,0
IND_2026_0185,Female,OBC,21.4,Day Scholar,17.9,5-8 LPA,2,1,0,3,92.5,86.0,88.2,72.9,67.0,82.7,88.2,81.0,10.57,2,0,6.74,6.75,0.01,0,66.9,0,5.8,-2.8,25,8,1,0.0213,0
IND_2026_0186,Female,General,20.5,Hosteler,0.5,5-8 LPA,2,0,0,3,80.7,84.4,89.2,75.5,87.7,83.2,78.7,82.5,-4.45,1,0,6.15,7.26,1.11,0,70.3,0,8.7,-7.2,100,7,8,0.1888,0
IND_2026_0187,Male,OBC,19.4,Day Scholar,2.8,<2 LPA,0,0,1,3,70.0,67.6,76.9,77.3,64.5,66.6,66.2,65.9,0.86,6,1,7.58,7.27,-0.31,0,69.1,0,4.3,-2.4,87,9,3,0.3287,0
IND_2026_0188,Male,EWS,21.0,Day Scholar,15.9,5-8 LPA,2,0,0,0,79.0,83.4,90.4,85.0,85.0,92.6,81.0,86.1,-2.0,2,0,7.75,7.49,-0.26,0,64.7,0,7.5,3.9,17,9,1,0.2268,0
IND_2026_0189,Female,SC,20.2,Day Scholar,9.2,5-8 LPA,2,1,1,8,94.1,98.6,98.0,97.8,89.1,90.5,96.1,92.4,3.48,2,0,5.81,6.22,0.41,0,54.0,0,12.7,0.2,45,23,2,0.1096,0
IND_2026_0190,Male,OBC,20.1,Hosteler,0.5,<2 LPA,0,1,1,4,76.6,72.3,85.2,86.3,96.8,87.2,88.5,90.1,-4.15,1,0,4.88,5.38,0.5,0,44.4,0,1.5,2.8,54,10,2,0.1292,0
IND_2026_0191,Female,General,22.0,Day Scholar,14.6,5-8 LPA,2,0,0,3,79.3,79.2,77.0,72.5,66.5,72.9,74.4,71.9,3.95,5,1,7.64,6.99,-0.65,0,65.7,0,6.8,-1.5,47,9,1,0.1207,0
IND_2026_0192,Male,ST,17.5,Day Scholar,9.9,2-5 LPA,1,1,1,2,81.5,68.7,77.7,74.6,65.1,78.3,93.7,81.1,14.33,1,0,7.94,8.27,0.33,0,79.7,0,7.9,-6.6,87,5,2,0.0115,0
IND_2026_0193,Male,General,18.3,Day Scholar,4.9,2-5 LPA,1,1,1,1,67.5,61.4,69.8,73.0,70.1,63.5,69.2,67.4,-0.46,4,1,8.22,8.57,0.35,0,74.2,0,6.4,-3.5,74,7,4,0.0625,0
IND_2026_0194,Female,General,18.6,Day Scholar,11.1,<2 LPA,0,0,1,18,61.5,59.3,66.5,68.3,66.0,67.5,67.9,67.3,0.94,2,1,7.97,7.84,-0.13,0,74.8,0,6.1,0.0,44,8,3,0.1669,0
IND_2026_0195,Male,ST,19.6,Day Scholar,19.4,2-5 LPA,1,1,0,12,53.1,60.5,52.1,54.1,47.0,47.4,53.1,49.6,3.05,11,1,9.4,8.41,-0.99,2,75.5,0,6.2,0.0,102,14,4,0.8366,1
IND_2026_0196,Male,OBC,19.8,Hosteler,0.5,<2 LPA,0,1,0,31,65.0,81.1,88.1,61.6,77.3,67.0,65.9,69.1,-5.7,5,1,8.6,8.21,-0.39,0,72.6,0,6.3,-1.1,62,9,4,0.8529,1
IND_2026_0197,Female,SC,18.1,Day Scholar,8.3,<2 LPA,0,1,1,17,67.6,70.3,65.0,73.6,60.3,71.4,72.7,69.1,6.18,6,1,9.95,9.06,-0.89,0,82.9,0,7.6,-2.5,37,6,3,0.0447,0
IND_2026_0198,Female,OBC,18.8,Day Scholar,35.3,<2 LPA,0,0,1,0,84.9,82.6,84.2,76.2,82.5,78.7,84.6,82.0,1.05,1,0,9.95,10.0,0.05,0,89.4,0,7.2,0.1,38,5,4,0.0157,0
IND_2026_0199,Male,OBC,19.0,Day Scholar,18.6,>8 LPA,3,0,0,4,74.1,74.5,83.1,77.5,79.1,86.1,91.8,86.6,6.37,0,0,4.74,5.17,0.43,0,52.1,0,10.3,-1.8,66,10,4,0.172,0
IND_2026_0200,Male,General,23.3,Hosteler,0.5,2-5 LPA,1,1,1,3,75.7,72.5,74.1,68.5,71.6,75.0,72.6,73.2,0.48,5,1,4.12,3.67,-0.45,0,34.0,0,4.4,0.9,22,11,0,0.5634,1
IND_2026_0201,Female,General,22.4,Hosteler,0.5,2-5 LPA,1,1,0,31,56.5,63.5,69.1,70.3,71.6,68.4,67.1,68.7,-2.21,4,1,7.19,7.91,0.72,0,79.2,0,7.8,-0.5,33,7,0,0.4665,0
IND_2026_0202,Female,General,19.6,Day Scholar,9.5,2-5 LPA,1,0,0,3,65.2,61.4,73.3,67.7,64.4,57.1,62.2,61.0,-1.07,4,1,7.91,7.92,0.01,2,73.0,0,5.0,-1.5,34,13,6,0.603,1
IND_2026_0203,Male,General,19.6,Hosteler,0.5,>8 LPA,3,0,0,0,91.0,98.9,100.0,94.2,100.0,100.0,94.6,97.8,-2.71,1,0,7.09,6.85,-0.24,0,63.0,0,9.3,-3.4,52,4,5,0.0688,0
IND_2026_0204,Male,ST,18.6,Day Scholar,13.5,2-5 LPA,1,0,0,11,67.7,56.5,62.4,63.0,61.2,58.7,59.4,59.6,-0.9,11,1,8.19,7.01,-1.18,2,76.0,0,7.3,-1.3,33,9,3,0.8826,1
IND_2026_0205,Male,General,17.6,Hosteler,0.5,>8 LPA,3,0,0,3,81.7,93.4,90.9,87.6,98.7,87.3,80.7,87.5,-8.99,1,0,6.82,6.69,-0.13,0,55.4,0,7.8,3.0,23,8,1,0.3286,0
IND_2026_0206,Male,OBC,19.9,Day Scholar,8.7,2-5 LPA,1,0,0,30,57.8,57.0,66.1,61.6,62.1,67.2,61.2,63.5,-0.47,5,1,6.23,6.65,0.42,3,69.6,1,3.8,2.0,61,16,4,0.9463,1
IND_2026_0207,Male,SC,18.8,Day Scholar,3.9,<2 LPA,0,1,0,33,91.3,90.9,91.9,83.5,88.8,84.0,89.2,87.3,0.17,0,0,6.44,7.15,0.71,0,76.2,0,5.6,1.0,36,6,4,0.154,0
IND_2026_0208,Female,SC,20.0,Hosteler,0.5,2-5 LPA,1,1,1,4,49.3,46.9,54.2,52.6,53.0,52.5,54.6,53.5,0.79,11,1,6.92,7.11,0.19,2,71.4,0,9.0,-2.0,86,12,2,0.6617,1
IND_2026_0209,Male,OBC,18.0,Day Scholar,3.7,2-5 LPA,1,0,1,2,62.5,69.3,75.8,69.0,68.8,66.1,71.9,69.1,1.54,2,1,8.38,8.24,-0.14,0,76.6,0,5.3,-4.2,47,10,1,0.1099,0
IND_2026_0210,Male,OBC,19.1,Hosteler,0.5,5-8 LPA,2,1,0,6,89.3,87.9,92.4,74.6,90.5,85.0,88.2,87.7,-1.15,2,0,6.52,6.74,0.22,0,71.2,0,8.3,1.3,74,7,4,0.0963,0
IND_2026_0211,Female,EWS,20.3,Day Scholar,3.0,>8 LPA,3,0,1,8,54.0,59.8,69.0,69.9,64.5,66.6,60.9,63.8,-1.77,5,1,6.8,5.96,-0.84,3,55.0,0,3.7,1.8,46,14,3,0.9214,1
IND_2026_0212,Female,SC,20.6,Day Scholar,3.6,2-5 LPA,1,0,0,46,68.2,75.4,77.4,69.1,75.4,78.7,67.8,73.5,-3.79,5,1,8.0,8.12,0.12,0,73.6,0,9.0,-0.8,75,11,0,0.7555,1
IND_2026_0213,Male,SC,20.6,Day Scholar,5.9,>8 LPA,3,0,1,3,46.0,48.3,46.6,58.6,37.3,46.2,59.3,49.2,11.02,22,1,6.92,6.19,-0.73,2,56.9,0,3.6,-0.6,41,14,1,0.7728,1
IND_2026_0214,Female,ST,18.4,Hosteler,0.5,2-5 LPA,1,0,1,3,53.3,44.8,54.6,36.6,52.6,54.3,39.1,47.8,-6.74,18,1,8.76,7.97,-0.79,0,72.9,0,3.8,-3.5,39,19,3,0.6908,1
IND_2026_0215,Female,SC,21.2,Hosteler,0.5,2-5 LPA,1,0,1,0,90.3,80.0,83.8,79.3,87.3,86.3,71.6,80.7,-7.84,0,0,5.91,6.78,0.87,0,59.7,0,5.3,1.0,66,7,4,0.0844,0
IND_2026_0216,Female,General,19.1,Day Scholar,7.8,2-5 LPA,1,1,0,20,89.0,81.6,89.4,75.5,88.8,80.7,81.0,82.8,-3.9,0,0,5.61,5.75,0.14,0,60.2,0,5.2,1.9,117,12,3,0.298,0
IND_2026_0217,Male,OBC,20.9,Day Scholar,11.9,<2 LPA,0,1,0,45,81.3,78.0,91.5,73.4,85.3,77.8,76.2,79.0,-4.54,0,0,7.63,8.33,0.7,1,75.3,0,8.1,-2.9,39,6,1,0.8249,1
IND_2026_0218,Male,General,20.1,Day Scholar,6.0,5-8 LPA,2,0,0,5,67.0,81.6,84.8,76.1,78.8,75.8,84.8,80.2,3.01,1,0,7.77,7.19,-0.58,0,68.2,0,7.0,-2.7,59,12,2,0.1122,0
IND_2026_0219,Female,OBC,18.3,Hosteler,0.5,<2 LPA,0,1,1,1,91.0,87.2,88.6,99.1,89.9,89.8,87.8,89.0,-1.05,2,0,5.99,7.55,1.56,0,64.5,0,5.2,1.3,44,7,6,0.0322,0
IND_2026_0220,Male,EWS,19.7,Hosteler,0.5,2-5 LPA,1,0,1,30,91.0,78.8,86.1,81.2,75.6,79.3,82.4,79.6,3.43,1,0,9.08,9.03,-0.05,0,85.9,0,7.6,-3.0,57,7,0,0.0305,0
IND_2026_0221,Male,OBC,20.6,Day Scholar,5.9,2-5 LPA,1,1,1,4,88.9,90.2,86.8,73.9,75.6,86.2,81.4,81.6,2.89,1,0,9.89,10.0,0.11,0,89.2,0,5.9,2.0,50,3,2,0.0236,0
IND_2026_0222,Male,OBC,20.9,Hosteler,0.5,<2 LPA,0,1,1,19,62.8,62.3,62.8,45.2,56.9,57.3,69.7,62.2,6.44,8,1,6.32,6.39,0.07,3,54.8,0,7.0,-0.5,13,12,2,0.6208,1
IND_2026_0223,Female,General,19.9,Hosteler,0.5,<2 LPA,0,0,0,45,70.4,75.5,79.3,63.5,74.1,74.0,72.1,73.3,-0.98,4,1,9.28,9.01,-0.27,0,85.0,0,9.0,-2.3,40,5,6,0.6158,1
IND_2026_0224,Female,EWS,22.1,Day Scholar,6.5,5-8 LPA,2,0,0,1,48.6,52.5,58.0,46.0,57.2,52.7,51.8,53.5,-2.72,9,1,3.87,3.7,-0.17,4,40.4,1,4.0,0.9,44,19,0,0.9782,1
IND_2026_0225,Male,General,21.4,Hosteler,0.5,<2 LPA,0,1,1,18,70.0,52.7,64.4,52.0,59.6,55.7,50.7,54.7,-4.47,6,1,8.71,8.59,-0.12,2,83.8,0,6.9,-1.6,27,10,2,0.3289,0
IND_2026_0226,Female,General,19.8,Day Scholar,3.2,2-5 LPA,1,0,1,3,46.1,52.2,57.2,51.0,54.1,54.6,58.5,56.0,2.2,5,1,6.0,5.2,-0.8,1,51.9,0,8.4,2.7,48,12,4,0.7867,1
IND_2026_0227,Male,General,21.1,Hosteler,0.5,2-5 LPA,1,0,0,12,37.4,42.6,41.7,26.4,46.6,48.3,45.5,46.7,-0.57,14,1,8.57,7.55,-1.02,2,71.1,0,5.2,1.8,37,12,3,0.9157,1
IND_2026_0228,Male,General,22.6,Day Scholar,10.8,2-5 LPA,1,1,0,4,80.7,68.2,80.9,72.4,70.1,75.6,79.6,75.8,4.73,0,0,5.85,5.89,0.04,0,54.3,0,4.2,1.9,34,13,3,0.3659,0
IND_2026_0229,Female,OBC,22.6,Day Scholar,10.1,<2 LPA,0,1,1,3,77.8,82.5,81.3,85.6,80.7,80.9,77.3,79.4,-1.69,1,0,7.1,7.16,0.06,0,72.0,0,8.0,-0.6,61,8,0,0.1878,0
IND_2026_0230,Male,OBC,18.5,Day Scholar,3.9,5-8 LPA,2,0,0,3,37.5,41.8,49.4,53.9,35.1,45.4,44.8,42.6,4.84,21,1,6.07,5.89,-0.18,1,53.1,0,2.3,-0.5,41,19,2,0.9464,1
IND_2026_0231,Male,General,18.9,Hosteler,0.5,>8 LPA,3,0,0,2,75.7,64.5,71.1,51.2,63.1,59.7,68.2,63.9,2.52,10,1,6.9,6.94,0.04,0,70.1,0,5.6,-0.5,44,10,5,0.3786,0
IND_2026_0232,Male,General,22.0,Day Scholar,8.8,<2 LPA,0,1,0,32,74.9,69.0,68.6,64.5,73.6,73.7,73.7,73.7,0.05,6,1,9.76,9.7,-0.06,0,98.3,0,6.5,-2.6,72,4,3,0.0977,0
IND_2026_0233,Female,General,18.7,Day Scholar,5.6,>8 LPA,3,1,1,1,52.1,70.7,58.7,46.4,53.2,55.1,41.6,49.2,-5.78,8,1,7.05,6.68,-0.37,2,59.3,0,3.8,3.2,36,14,1,0.7308,1
IND_2026_0234,Female,OBC,18.4,Hosteler,0.5,2-5 LPA,1,1,0,32,79.9,83.2,92.9,85.8,81.8,90.4,94.7,90.0,6.45,1,0,9.95,9.4,-0.55,0,85.8,0,7.8,0.2,24,3,4,0.0487,0
IND_2026_0235,Female,General,19.5,Hosteler,0.5,5-8 LPA,2,0,0,4,100.0,81.2,99.2,82.1,77.5,95.0,100.0,92.6,11.26,1,0,6.66,6.82,0.16,0,62.1,0,9.0,-1.5,36,9,1,0.0141,0
IND_2026_0236,Female,SC,20.6,Hosteler,0.5,5-8 LPA,2,1,0,1,70.0,61.3,74.6,79.9,74.2,69.3,67.4,69.7,-3.4,3,1,9.29,9.29,0.0,0,80.9,0,9.5,-3.4,19,6,4,0.1249,0
IND_2026_0237,Male,General,20.0,Day Scholar,15.9,5-8 LPA,2,0,0,0,79.2,75.0,66.9,69.1,63.0,74.9,68.9,69.5,2.96,3,1,4.92,5.28,0.36,0,47.8,0,7.4,3.2,46,17,1,0.1581,0
IND_2026_0238,Female,General,19.3,Day Scholar,8.1,5-8 LPA,2,0,0,2,80.1,82.1,83.9,71.9,87.4,73.6,60.5,71.8,-13.43,3,1,6.8,6.81,0.01,0,71.2,0,7.0,-0.4,57,8,6,0.3655,0
IND_2026_0239,Male,OBC,19.2,Day Scholar,15.5,2-5 LPA,1,1,0,23,54.1,53.5,62.9,66.4,52.2,58.2,55.9,55.8,1.83,10,1,6.45,6.63,0.18,2,57.8,0,5.0,-0.4,52,14,3,0.9174,1
IND_2026_0240,Male,OBC,19.2,Day Scholar,7.4,2-5 LPA,1,0,1,4,61.4,71.5,63.6,62.3,68.1,63.2,59.0,62.7,-4.55,9,1,9.35,9.43,0.08,2,96.2,0,2.3,2.2,53,9,0,0.4786,0
IND_2026_0241,Female,General,19.0,Day Scholar,13.8,2-5 LPA,1,1,0,22,43.4,38.8,35.5,35.5,34.4,36.5,26.7,32.1,-3.85,13,1,7.46,6.17,-1.29,1,56.4,0,5.0,-0.4,45,14,1,0.9926,1
IND_2026_0242,Female,General,23.1,Day Scholar,8.0,<2 LPA,0,0,0,48,97.0,87.2,93.2,81.0,90.4,86.7,78.6,84.4,-5.9,2,0,4.28,4.45,0.17,1,52.8,0,1.2,-1.1,18,13,2,0.929,1
IND_2026_0243,Male,ST,20.5,Hosteler,0.5,5-8 LPA,2,0,1,1,71.2,81.0,89.2,70.8,78.2,89.0,83.6,84.1,2.73,1,0,5.37,5.78,0.41,0,51.5,1,2.5,-1.3,37,8,1,0.128,0
IND_2026_0244,Male,General,21.3,Day Scholar,3.2,<2 LPA,0,0,1,32,99.1,96.8,97.9,89.5,96.4,100.0,97.1,97.9,0.35,0,0,5.78,6.15,0.37,0,57.7,0,6.8,-4.2,23,6,1,0.3577,0
IND_2026_0245,Female,OBC,19.5,Hosteler,0.5,2-5 LPA,1,1,0,12,63.7,69.2,71.7,77.7,71.3,67.9,52.3,62.5,-9.49,4,1,8.51,8.89,0.38,1,79.9,0,7.3,-0.3,35,12,3,0.4339,0
IND_2026_0246,Female,OBC,19.9,Day Scholar,9.3,<2 LPA,0,1,1,1,57.8,66.2,60.9,66.5,56.8,70.2,66.0,65.2,4.6,6,1,8.33,7.59,-0.74,0,68.7,0,5.4,-2.4,79,8,1,0.5108,1
IND_2026_0247,Female,General,19.2,Day Scholar,6.7,<2 LPA,0,1,0,18,82.3,77.0,80.5,80.6,80.5,74.6,82.2,79.1,0.83,2,0,6.78,7.02,0.24,0,73.4,0,9.8,-2.2,66,10,4,0.1917,0
IND_2026_0248,Male,OBC,17.5,Hosteler,0.5,5-8 LPA,2,1,0,4,47.1,54.2,50.9,46.3,51.7,49.5,65.2,56.3,6.73,8,1,6.43,6.29,-0.14,1,62.1,1,6.3,-1.6,45,10,1,0.6986,1
IND_2026_0249,Male,SC,18.3,Day Scholar,14.7,5-8 LPA,2,1,0,1,84.9,98.6,88.1,92.1,82.7,86.4,93.0,88.1,5.16,1,0,8.2,8.39,0.19,0,84.8,0,7.2,-3.0,43,5,3,0.0375,0
IND_2026_0250,Male,SC,17.7,Hosteler,0.5,2-5 LPA,1,0,1,0,73.8,80.0,88.7,67.1,89.9,78.8,72.4,79.0,-8.76,0,0,5.62,5.48,-0.14,0,45.5,0,8.8,-2.4,23,12,3,0.3181,0
IND_2026_0251,Female,General,17.5,Day Scholar,12.2,<2 LPA,0,1,0,19,59.6,67.4,74.8,49.6,61.3,61.8,59.6,60.8,-0.82,4,1,7.84,7.45,-0.39,2,74.0,0,9.2,-0.0,40,9,4,0.602,1
IND_2026_0252,Female,General,18.5,Day Scholar,5.8,2-5 LPA,1,1,0,14,63.7,67.1,69.0,58.2,59.1,57.5,68.5,62.3,4.7,11,1,7.72,7.77,0.05,4,69.0,1,7.3,-1.0,63,11,3,0.8554,1
IND_2026_0253,Male,General,21.8,Day Scholar,2.9,2-5 LPA,1,0,0,24,59.3,66.9,66.8,77.0,66.3,70.0,69.2,68.8,1.48,2,1,6.82,6.44,-0.38,0,54.5,0,4.4,-0.4,44,8,4,0.8659,1
IND_2026_0254,Male,OBC,20.0,Hosteler,0.5,5-8 LPA,2,0,0,6,74.7,65.8,68.3,76.5,71.2,73.9,59.0,67.2,-6.09,6,1,7.76,7.08,-0.68,0,68.5,0,5.1,4.5,18,8,2,0.8514,1
IND_2026_0255,Male,SC,21.8,Hosteler,0.5,2-5 LPA,1,0,1,3,49.9,51.9,52.8,41.8,42.6,52.1,44.0,46.5,0.68,22,1,7.34,7.15,-0.19,2,69.1,0,2.4,-0.4,35,11,4,0.9515,1
IND_2026_0256,Female,General,20.6,Hosteler,0.5,2-5 LPA,1,0,0,3,100.0,100.0,95.7,91.3,95.3,100.0,99.3,98.6,2.03,1,0,7.9,8.67,0.77,0,82.6,0,8.3,-0.7,21,2,2,0.005,0
IND_2026_0257,Female,General,21.1,Hosteler,0.5,2-5 LPA,1,1,1,3,59.0,61.4,61.7,46.5,67.1,60.9,62.3,63.0,-2.39,8,1,5.33,5.48,0.15,0,55.6,0,3.2,1.5,48,12,3,0.5048,1
IND_2026_0258,Male,ST,18.9,Hosteler,0.5,>8 LPA,3,0,1,4,74.5,74.0,87.5,76.3,82.3,74.4,71.7,75.3,-5.29,2,0,8.06,8.41,0.35,0,84.3,0,6.5,-1.4,31,6,8,0.1035,0
IND_2026_0259,Male,General,20.8,Hosteler,0.5,5-8 LPA,2,0,0,4,75.1,66.6,64.3,63.6,71.5,64.8,68.6,68.0,-1.41,2,1,8.64,9.45,0.81,0,97.1,0,7.8,-0.8,25,5,5,0.1046,0
IND_2026_0260,Female,OBC,21.0,Day Scholar,11.6,2-5 LPA,1,1,0,32,45.2,48.3,49.7,52.2,40.7,57.1,52.1,51.0,5.7,8,1,7.65,7.55,-0.1,3,65.8,0,1.7,-0.2,51,10,6,0.9265,1
IND_2026_0261,Male,SC,19.4,Hosteler,0.5,2-5 LPA,1,0,1,5,35.0,34.4,40.1,40.4,38.3,34.6,27.0,32.5,-5.67,23,1,8.04,6.65,-1.39,2,70.7,1,1.9,1.0,38,14,3,0.9835,1
IND_2026_0262,Female,General,20.8,Hosteler,0.5,<2 LPA,0,1,0,0,94.6,100.0,95.4,86.9,85.2,88.4,92.7,89.3,3.74,2,0,7.05,7.62,0.57,0,81.8,0,6.4,-2.8,49,5,4,0.1806,0
IND_2026_0263,Male,General,20.8,Day Scholar,18.3,>8 LPA,3,0,0,4,62.9,61.9,71.8,72.2,67.3,74.8,67.9,70.1,0.31,3,1,8.45,8.08,-0.37,0,74.9,0,6.7,-2.1,109,7,1,0.2657,0
IND_2026_0264,Male,General,19.4,Day Scholar,9.5,2-5 LPA,1,0,0,14,63.6,64.6,63.7,52.4,45.9,64.0,68.2,61.2,11.18,4,1,7.29,6.74,-0.55,1,55.7,0,4.8,-0.3,47,10,5,0.6728,1
IND_2026_0265,Female,ST,18.6,Day Scholar,7.3,2-5 LPA,1,0,0,20,88.9,80.6,91.8,87.1,86.2,82.0,78.3,81.6,-3.95,1,0,5.59,5.12,-0.47,0,41.7,0,5.4,-4.8,27,10,5,0.5404,1
IND_2026_0266,Male,General,18.6,Day Scholar,13.8,>8 LPA,3,0,0,1,96.8,90.0,100.0,83.7,84.7,88.2,90.6,88.3,2.94,2,0,8.35,8.55,0.2,0,78.9,0,6.4,1.6,59,7,4,0.0335,0
IND_2026_0267,Male,General,20.2,Day Scholar,17.6,5-8 LPA,2,0,0,1,60.6,69.4,58.7,56.5,59.8,53.2,46.5,52.2,-6.62,7,1,4.91,4.59,-0.32,1,53.7,0,1.5,5.3,26,18,1,0.9893,1
IND_2026_0268,Male,General,20.5,Day Scholar,19.5,<2 LPA,0,1,1,1,71.1,58.1,67.2,64.0,62.6,63.6,60.4,62.1,-1.05,5,1,7.6,7.25,-0.35,0,69.0,0,5.0,-0.2,65,10,1,0.3179,0
IND_2026_0269,Male,General,19.1,Day Scholar,22.6,<2 LPA,0,0,1,3,79.0,75.7,89.8,78.2,75.9,84.1,78.2,79.7,1.13,2,0,6.66,6.28,-0.38,0,56.6,0,6.0,0.7,44,8,2,0.1181,0
IND_2026_0270,Male,OBC,20.1,Day Scholar,16.7,<2 LPA,0,1,1,2,70.6,75.7,77.6,79.4,80.0,72.6,72.7,74.5,-3.67,5,1,6.57,5.87,-0.7,0,52.3,0,5.4,1.9,43,10,2,0.3786,0
IND_2026_0271,Male,General,20.8,Hosteler,0.5,2-5 LPA,1,1,1,2,93.3,75.9,79.3,67.6,77.4,85.0,84.6,82.9,3.62,2,0,7.44,8.59,1.15,0,75.0,0,7.8,-4.5,24,7,4,0.0169,0
IND_2026_0272,Male,OBC,20.9,Hosteler,0.5,<2 LPA,0,0,1,2,81.2,95.3,95.4,81.0,90.7,90.8,97.1,93.3,3.19,1,0,6.21,6.81,0.6,0,69.1,0,8.1,0.7,45,6,4,0.0731,0
IND_2026_0273,Male,OBC,22.1,Day Scholar,10.9,>8 LPA,3,0,0,3,35.5,41.1,52.3,40.2,47.2,53.3,34.0,44.1,-6.62,20,1,7.92,6.78,-1.14,3,63.9,0,6.4,-0.8,31,18,1,0.922,1
IND_2026_0274,Female,SC,21.8,Hosteler,0.5,>8 LPA,3,0,0,3,60.6,60.8,62.7,45.1,55.9,58.5,59.7,58.3,1.87,6,1,7.28,7.07,-0.21,2,77.7,1,4.5,4.7,22,15,3,0.9061,1
IND_2026_0275,Female,General,18.8,Day Scholar,13.9,2-5 LPA,1,1,0,10,34.7,17.7,28.6,20.1,23.6,24.6,28.6,26.0,2.49,10,1,6.34,6.1,-0.24,1,61.1,1,0.8,0.5,25,26,2,0.9719,1
IND_2026_0276,Male,ST,22.3,Hosteler,0.5,5-8 LPA,2,0,0,0,95.6,84.6,92.7,89.9,97.9,96.8,90.4,94.5,-3.75,0,0,9.07,9.84,0.77,0,97.6,0,11.2,-0.3,64,2,2,0.0078,0
IND_2026_0277,Male,OBC,19.4,Hosteler,0.5,2-5 LPA,1,0,0,11,94.4,87.1,92.1,95.5,76.8,87.0,93.2,87.0,8.2,0,0,7.49,6.54,-0.95,0,60.9,0,7.6,-1.5,41,11,3,0.1232,0
IND_2026_0278,Male,General,21.5,Hosteler,0.5,<2 LPA,0,1,1,2,62.1,65.5,83.0,73.1,69.5,66.9,75.2,70.9,2.86,6,1,8.08,9.17,1.09,0,81.7,0,5.4,3.5,23,19,1,0.1124,0
IND_2026_0279,Female,SC,20.2,Day Scholar,9.8,5-8 LPA,2,0,0,4,69.5,80.9,71.6,77.7,77.5,71.6,69.0,72.0,-4.24,2,1,9.18,8.27,-0.91,0,74.2,0,7.5,-2.3,37,8,1,0.1714,0
IND_2026_0280,Female,ST,19.6,Hosteler,0.5,<2 LPA,0,1,0,94,71.2,74.0,85.5,82.6,91.8,81.4,72.7,80.5,-9.57,2,0,9.16,9.2,0.04,0,80.6,0,9.9,0.9,38,6,4,0.7806,1
IND_2026_0281,Male,General,17.7,Day Scholar,18.8,<2 LPA,0,0,0,33,93.8,83.4,91.5,83.3,84.0,82.7,92.1,86.8,4.05,0,0,8.01,7.79,-0.22,0,78.6,0,10.9,-0.1,48,4,0,0.0674,0
IND_2026_0282,Male,ST,19.9,Day Scholar,11.7,2-5 LPA,1,1,1,0,68.5,80.1,79.0,76.7,77.5,77.5,76.6,77.2,-0.44,2,0,6.78,6.5,-0.28,0,59.8,0,6.9,0.1,40,17,7,0.502,1
IND_2026_0283,Male,OBC,18.1,Hosteler,0.5,<2 LPA,0,0,0,0,62.3,66.7,74.9,73.0,59.8,61.7,73.7,66.0,6.91,3,1,5.2,5.1,-0.1,1,53.2,0,7.4,0.5,28,12,2,0.4552,0
IND_2026_0284,Male,OBC,21.4,Day Scholar,6.0,2-5 LPA,1,1,0,22,76.3,64.9,79.0,79.6,67.2,71.8,75.5,72.1,4.18,6,1,7.49,6.49,-1.0,0,62.3,0,3.7,-2.1,31,29,1,0.78,1
IND_2026_0285,Male,EWS,22.1,Hosteler,0.5,5-8 LPA,2,0,1,2,86.6,91.5,86.0,77.3,70.6,81.2,80.8,78.4,5.1,0,0,8.73,8.77,0.04,0,81.9,0,7.4,-7.2,46,4,4,0.0134,0
IND_2026_0286,Male,OBC,19.1,Hosteler,0.5,5-8 LPA,2,0,0,3,60.1,55.6,61.2,47.6,70.5,61.5,48.8,58.6,-10.89,11,1,7.7,7.81,0.11,1,68.3,0,5.5,1.8,58,12,1,0.7061,1
IND_2026_0287,Male,SC,20.5,Day Scholar,12.8,5-8 LPA,2,0,1,0,56.6,52.1,50.6,39.2,45.9,51.6,51.3,50.0,2.67,5,1,3.5,2.5,-1.0,3,25.3,0,4.1,0.2,29,16,2,0.9614,1
IND_2026_0288,Male,General,19.2,Day Scholar,15.7,5-8 LPA,2,0,0,4,83.1,78.8,85.0,75.6,71.1,79.6,91.2,82.1,10.07,0,0,8.42,7.97,-0.45,0,74.6,0,10.5,1.2,82,6,8,0.0657,0
IND_2026_0289,Male,SC,19.3,Hosteler,0.5,2-5 LPA,1,0,1,2,80.1,85.3,83.4,63.0,85.9,78.2,77.2,79.7,-4.31,2,0,8.5,8.55,0.05,0,85.7,0,7.9,-0.7,74,7,1,0.0321,0
IND_2026_0290,Male,OBC,21.1,Day Scholar,28.3,5-8 LPA,2,0,0,2,26.8,35.9,44.7,44.0,35.4,33.4,38.4,35.9,1.54,22,1,6.78,5.65,-1.13,1,50.1,1,2.3,3.4,56,17,2,0.9378,1
IND_2026_0291,Female,General,20.0,Hosteler,0.5,2-5 LPA,1,1,1,5,88.3,80.4,96.5,87.1,83.9,85.2,79.7,82.7,-2.07,0,0,8.58,8.5,-0.08,0,83.8,0,5.0,0.2,83,5,5,0.0911,0
IND_2026_0292,Male,OBC,22.4,Day Scholar,9.5,2-5 LPA,1,1,1,19,70.4,64.9,78.6,60.2,62.1,63.1,69.7,65.5,3.8,4,1,8.08,7.31,-0.77,0,77.6,0,9.5,-6.1,76,9,6,0.2519,0
IND_2026_0293,Female,General,19.5,Day Scholar,2.8,>8 LPA,3,0,0,2,85.5,78.9,80.4,70.4,87.8,81.2,79.1,82.0,-4.35,1,0,6.24,6.65,0.41,0,64.5,0,7.7,0.4,24,9,4,0.1163,0
IND_2026_0294,Male,General,21.4,Day Scholar,8.1,2-5 LPA,1,1,1,1,52.3,54.5,56.7,55.6,49.4,51.4,43.3,47.7,-3.06,21,1,8.98,8.57,-0.41,1,85.3,0,6.9,-1.3,49,11,2,0.8504,1
IND_2026_0295,Female,General,20.2,Day Scholar,16.1,<2 LPA,0,1,1,1,34.1,34.7,48.6,31.3,34.2,40.4,49.8,42.6,7.82,23,1,5.43,4.14,-1.29,5,42.2,1,3.1,3.5,47,16,2,0.984,1
IND_2026_0296,Female,General,21.1,Hosteler,0.5,2-5 LPA,1,0,0,11,78.0,84.9,80.9,64.7,72.9,83.5,77.4,78.4,2.21,1,0,7.12,6.79,-0.33,0,74.0,0,7.1,0.4,74,7,5,0.5068,1
IND_2026_0297,Female,General,19.5,Day Scholar,10.4,2-5 LPA,1,0,1,0,53.8,49.6,56.4,46.4,48.7,53.2,51.1,51.2,1.18,10,1,6.98,6.45,-0.53,3,63.1,0,3.2,1.4,23,16,3,0.9467,1
IND_2026_0298,Female,General,20.0,Day Scholar,24.3,2-5 LPA,1,0,0,4,34.7,37.6,46.7,36.4,42.3,36.5,37.1,38.2,-2.59,24,1,6.04,4.69,-1.35,3,48.1,1,4.6,0.3,37,15,3,0.9958,1
IND_2026_0299,Female,SC,19.9,Day Scholar,5.7,2-5 LPA,1,1,1,4,60.4,55.8,66.2,64.6,60.0,60.5,67.2,63.1,3.59,9,1,7.63,7.41,-0.22,2,70.2,0,3.8,-2.6,39,14,2,0.5044,1
IND_2026_0300,Female,SC,19.0,Hosteler,0.5,>8 LPA,3,0,1,4,74.7,71.7,83.3,85.2,80.9,75.0,78.7,77.9,-1.1,0,0,9.03,9.76,0.73,0,88.8,0,7.2,-2.7,108,16,4,0.0425,0
IND_2026_0301,Female,SC,21.0,Hosteler,0.5,2-5 LPA,1,1,1,1,44.8,34.6,37.3,44.7,30.3,42.2,37.8,37.4,3.74,14,1,8.95,7.98,-0.97,2,69.8,0,4.0,-4.0,18,11,1,0.8833,1
IND_2026_0302,Male,General,20.9,Hosteler,0.5,2-5 LPA,1,0,1,2,84.5,87.7,99.6,91.0,91.1,90.3,95.6,92.6,2.28,0,0,8.21,8.1,-0.11,0,83.3,0,1.3,-3.0,33,5,4,0.03,0
IND_2026_0303,Male,ST,20.9,Hosteler,0.5,2-5 LPA,1,1,1,7,80.8,84.5,89.7,91.9,88.7,84.5,86.7,86.4,-0.99,2,0,4.83,5.29,0.46,0,45.2,0,5.6,-3.9,17,8,2,0.0869,0
IND_2026_0304,Male,OBC,22.1,Hosteler,0.5,5-8 LPA,2,0,0,7,59.7,56.3,67.6,55.0,72.9,59.5,50.2,59.1,-11.35,7,1,5.33,4.85,-0.48,0,49.8,0,3.0,-2.9,33,15,4,0.987,1
IND_2026_0305,Female,General,22.0,Hosteler,0.5,<2 LPA,0,0,1,2,87.9,82.0,83.1,63.4,77.6,74.2,80.9,77.7,1.62,2,0,7.43,7.43,0.0,0,72.7,0,6.4,-0.8,113,8,0,0.1739,0
IND_2026_0306,Male,General,19.6,Day Scholar,21.0,<2 LPA,0,1,1,2,65.4,54.8,63.8,52.4,71.9,52.1,48.5,55.6,-11.72,6,1,7.15,6.88,-0.27,3,69.9,0,5.6,0.9,34,14,3,0.9136,1
IND_2026_0307,Male,SC,20.6,Hosteler,0.5,2-5 LPA,1,1,0,13,62.0,66.9,75.6,64.2,75.3,70.0,71.3,71.8,-1.99,5,1,6.5,6.73,0.23,0,61.4,0,9.8,-0.7,40,8,2,0.4058,0
IND_2026_0308,Female,General,19.3,Day Scholar,12.3,5-8 LPA,2,0,0,0,68.4,58.1,67.4,53.8,62.0,63.8,55.7,60.1,-3.16,7,1,9.87,9.51,-0.36,3,86.4,0,7.6,-2.3,53,7,4,0.5297,1
IND_2026_0309,Male,OBC,20.1,Day Scholar,17.4,5-8 LPA,2,0,0,5,76.1,73.5,71.2,59.3,69.0,68.8,68.0,68.5,-0.5,6,1,7.35,7.16,-0.19,0,69.9,0,7.0,-2.8,36,12,2,0.4815,0
IND_2026_0310,Male,EWS,19.3,Day Scholar,21.4,2-5 LPA,1,1,0,4,75.6,83.8,80.8,77.4,76.9,88.9,97.6,89.4,10.38,2,0,7.96,9.25,1.29,0,86.4,0,9.2,-2.7,58,3,4,0.0018,0
IND_2026_0311,Male,General,22.2,Day Scholar,14.4,5-8 LPA,2,0,0,4,63.4,78.0,84.8,80.8,89.1,81.5,64.1,76.5,-12.51,2,0,8.58,9.16,0.58,0,80.9,0,9.3,-3.4,54,5,3,0.0762,0
IND_2026_0312,Male,General,20.6,Day Scholar,30.1,2-5 LPA,1,0,1,9,50.2,42.7,51.4,60.6,31.2,52.7,62.8,51.4,15.79,4,1,7.28,7.07,-0.21,0,76.9,0,6.4,-0.3,23,12,2,0.1166,0
IND_2026_0313,Male,EWS,19.8,Day Scholar,15.1,<2 LPA,0,1,1,1,72.1,59.1,64.1,51.3,62.5,72.9,71.3,69.7,4.38,3,1,9.95,9.88,-0.07,0,89.9,0,8.1,-4.9,43,5,3,0.0289,0
IND_2026_0314,Male,OBC,21.7,Day Scholar,6.2,<2 LPA,0,1,1,2,100.0,88.6,95.6,84.6,99.6,95.3,100.0,98.2,0.17,1,0,5.88,6.01,0.13,0,52.1,0,8.5,0.3,59,9,0,0.1593,0
IND_2026_0315,Male,General,17.5,Day Scholar,12.0,<2 LPA,0,1,0,45,43.8,56.3,54.2,41.5,50.4,49.3,37.4,44.8,-6.52,20,1,6.35,6.1,-0.25,1,56.7,1,0.0,-0.9,47,13,5,0.9912,1
IND_2026_0316,Male,ST,17.5,Day Scholar,17.8,2-5 LPA,1,0,1,1,87.7,80.2,80.9,80.6,76.3,77.2,76.6,76.7,0.16,1,0,5.88,5.99,0.11,0,63.2,0,10.3,0.2,67,10,0,0.04,0
IND_2026_0317,Male,ST,21.1,Day Scholar,21.4,2-5 LPA,1,1,0,3,37.7,46.3,46.5,47.6,53.7,57.2,48.2,52.7,-2.73,5,1,9.39,8.57,-0.82,3,70.6,0,9.4,1.3,44,12,0,0.5929,1
IND_2026_0318,Female,OBC,20.2,Day Scholar,11.4,2-5 LPA,1,0,0,21,77.2,76.3,81.9,72.3,76.8,79.4,79.8,78.9,1.49,1,0,8.32,8.31,-0.01,0,84.8,0,7.7,-0.6,51,14,5,0.1745,0
IND_2026_0319,Male,OBC,20.4,Hosteler,0.5,2-5 LPA,1,1,1,2,56.1,54.1,67.3,61.6,59.4,56.0,50.8,54.8,-4.28,10,1,6.44,5.5,-0.94,0,47.7,0,2.1,2.0,45,11,2,0.9489,1
IND_2026_0320,Female,General,18.4,Day Scholar,9.1,2-5 LPA,1,0,0,10,72.5,60.7,67.8,70.3,63.0,67.9,60.8,63.9,-1.07,4,1,5.99,6.19,0.2,1,60.1,0,8.1,-4.8,27,14,1,0.8347,1
IND_2026_0321,Female,General,20.1,Day Scholar,4.5,5-8 LPA,2,0,0,2,74.0,68.8,69.6,64.1,70.7,63.0,66.5,66.3,-2.1,4,1,9.14,9.23,0.09,0,84.3,0,5.7,-2.3,32,9,3,0.1108,0
IND_2026_0322,Male,OBC,22.7,Day Scholar,16.0,5-8 LPA,2,0,0,3,45.6,38.3,48.1,32.2,37.5,42.1,35.6,38.3,-0.96,19,1,7.71,6.87,-0.84,1,75.2,1,5.9,2.7,30,18,0,0.9823,1
IND_2026_0323,Male,General,21.2,Day Scholar,8.1,2-5 LPA,1,0,0,12,88.9,100.0,100.0,96.9,88.6,98.7,100.0,96.7,5.71,0,0,9.17,9.69,0.52,0,92.7,0,6.1,-1.2,30,1,7,0.0249,0
IND_2026_0324,Male,OBC,20.3,Day Scholar,6.8,2-5 LPA,1,0,0,2,78.9,80.6,81.9,70.1,64.7,73.0,86.8,76.4,11.06,2,0,7.12,6.85,-0.27,0,61.5,0,11.0,3.2,47,11,4,0.1484,0
IND_2026_0325,Female,SC,19.5,Day Scholar,16.9,2-5 LPA,1,1,0,14,96.6,100.0,86.4,89.8,100.0,95.8,86.9,93.3,-6.55,0,0,7.92,7.42,-0.5,0,69.0,0,4.7,2.2,72,6,0,0.3653,0
IND_2026_0326,Female,General,19.6,Day Scholar,24.0,2-5 LPA,1,0,1,6,67.4,81.1,88.3,71.8,69.2,71.4,80.7,74.6,5.71,2,1,7.62,6.97,-0.65,0,66.7,1,6.6,-0.2,28,9,1,0.1293,0
IND_2026_0327,Female,OBC,17.5,Hosteler,0.5,2-5 LPA,1,1,0,11,55.2,65.3,74.2,72.1,64.9,68.3,63.3,65.5,-0.81,4,1,6.33,5.76,-0.57,0,55.6,0,1.3,-0.7,42,10,2,0.6109,1
IND_2026_0328,Male,General,20.4,Hosteler,0.5,2-5 LPA,1,0,0,3,83.6,80.7,91.3,77.2,82.8,75.6,80.2,79.2,-1.33,2,0,7.0,6.7,-0.3,0,65.8,0,6.5,-3.0,30,8,1,0.1003,0
IND_2026_0329,Female,ST,21.2,Hosteler,0.5,5-8 LPA,2,0,1,2,58.0,57.1,59.9,64.3,60.9,70.5,59.3,63.6,-0.8,11,1,5.54,5.39,-0.15,1,51.2,0,4.4,-1.1,21,16,5,0.7887,1
IND_2026_0330,Male,General,18.1,Hosteler,0.5,5-8 LPA,2,0,0,4,56.3,73.0,61.0,71.4,60.1,64.7,60.8,62.0,0.36,10,1,7.89,7.93,0.04,2,68.4,0,8.6,-1.6,97,13,2,0.4655,0
IND_2026_0331,Female,OBC,19.2,Hosteler,0.5,<2 LPA,0,1,1,0,94.6,98.1,99.9,97.1,100.0,93.5,82.6,90.7,-8.71,1,0,8.27,8.6,0.33,0,80.0,0,7.1,-3.1,30,5,5,0.0426,0
IND_2026_0332,Male,OBC,18.6,Day Scholar,5.6,2-5 LPA,1,0,0,0,83.6,82.9,84.3,75.9,86.9,75.9,77.4,79.2,-4.73,2,0,8.59,9.33,0.74,0,91.7,0,10.0,-3.7,26,9,1,0.0669,0
IND_2026_0333,Female,OBC,18.8,Day Scholar,10.2,>8 LPA,3,0,0,6,80.0,81.2,87.1,85.7,86.7,85.7,75.5,81.9,-5.58,2,0,8.13,7.95,-0.18,0,72.2,0,5.2,-0.5,48,9,3,0.177,0
IND_2026_0334,Female,SC,20.2,Hosteler,0.5,<2 LPA,0,1,1,2,46.0,64.9,63.6,56.6,41.8,53.9,73.4,58.7,15.79,10,1,7.02,6.55,-0.47,1,65.6,0,5.0,3.5,39,12,5,0.3253,0
IND_2026_0335,Male,SC,17.5,Day Scholar,9.0,>8 LPA,3,0,1,4,92.4,73.2,84.8,97.3,66.9,78.0,90.5,80.2,11.81,1,0,9.37,9.48,0.11,0,90.2,0,7.4,0.3,63,8,1,0.0095,0
IND_2026_0336,Female,OBC,20.9,Hosteler,0.5,<2 LPA,0,1,1,2,88.6,92.7,85.6,82.8,74.3,84.0,86.1,82.4,5.88,2,0,8.45,9.13,0.68,1,85.6,0,8.8,-2.4,115,9,5,0.0556,0
IND_2026_0337,Male,SC,21.1,Day Scholar,9.7,2-5 LPA,1,1,1,2,59.8,60.8,67.9,64.7,57.9,64.4,58.1,60.2,0.08,11,1,9.14,8.82,-0.32,2,89.8,0,7.4,1.3,28,7,0,0.2471,0
IND_2026_0338,Female,EWS,19.8,Hosteler,0.5,2-5 LPA,1,0,1,0,86.9,80.9,91.6,88.7,85.0,91.2,78.8,84.7,-3.13,0,0,9.23,9.53,0.3,0,81.8,0,9.5,-1.1,37,4,2,0.0183,0
IND_2026_0339,Male,OBC,17.5,Day Scholar,9.3,<2 LPA,0,1,0,17,80.4,74.1,80.9,75.6,76.8,78.4,78.2,77.9,0.71,2,0,7.02,6.35,-0.67,0,56.9,0,6.9,-0.8,79,8,1,0.449,0
IND_2026_0340,Female,OBC,18.8,Hosteler,0.5,>8 LPA,3,1,0,7,76.0,73.7,90.9,78.9,70.3,83.4,94.2,84.4,11.94,1,0,7.74,7.57,-0.17,0,78.1,0,8.5,-1.5,66,7,2,0.0302,0
IND_2026_0341,Male,General,21.7,Day Scholar,33.3,2-5 LPA,1,0,1,2,80.1,81.7,87.2,78.2,79.4,79.1,73.2,76.8,-3.12,1,0,8.28,8.82,0.54,0,92.9,0,5.6,-1.9,63,7,3,0.0421,0
IND_2026_0342,Female,SC,17.5,Hosteler,0.5,>8 LPA,3,0,1,3,75.9,78.1,92.2,85.5,100.0,85.2,78.1,86.0,-10.96,1,0,5.59,4.93,-0.66,0,58.3,0,6.9,0.9,28,9,7,0.1903,0
IND_2026_0343,Female,OBC,19.6,Day Scholar,6.2,2-5 LPA,1,1,0,2,81.5,82.8,85.2,88.0,76.2,83.6,86.6,83.0,5.21,1,0,5.62,6.42,0.8,0,61.2,0,9.8,-0.6,66,12,4,0.1039,0
IND_2026_0344,Female,OBC,18.6,Hosteler,0.5,>8 LPA,3,0,0,5,88.7,100.0,91.1,95.9,88.3,100.0,100.0,97.1,5.87,0,0,5.38,6.16,0.78,1,60.8,0,3.8,-2.9,61,5,4,0.0362,0
IND_2026_0345,Female,General,21.1,Day Scholar,5.7,>8 LPA,3,0,0,0,86.6,89.6,96.7,88.1,87.9,93.5,100.0,94.7,6.06,2,0,7.05,7.21,0.16,0,72.6,0,8.5,-3.2,49,9,3,0.0911,0
IND_2026_0346,Female,ST,19.2,Day Scholar,13.1,2-5 LPA,1,0,1,0,91.4,80.0,82.5,77.2,75.9,78.2,85.5,80.5,4.79,1,0,6.73,6.49,-0.24,0,68.0,0,7.9,-0.2,30,12,7,0.0785,0
IND_2026_0347,Female,OBC,20.6,Day Scholar,6.7,<2 LPA,0,0,0,18,69.9,62.4,73.0,58.3,65.7,68.9,71.1,69.0,2.7,2,1,5.19,5.89,0.7,0,57.5,0,8.7,0.6,37,11,3,0.2477,0
IND_2026_0348,Male,SC,20.8,Day Scholar,4.2,5-8 LPA,2,0,0,9,92.3,89.0,92.4,100.0,92.0,94.1,90.8,92.2,-0.61,0,0,7.41,8.48,1.07,0,85.2,0,9.4,-2.5,100,4,3,0.0667,0
IND_2026_0349,Female,General,22.5,Day Scholar,10.9,2-5 LPA,1,1,0,4,49.0,75.2,65.0,55.3,70.9,53.9,55.1,58.7,-7.9,5,1,7.07,6.61,-0.46,2,65.1,1,5.8,-2.7,21,20,3,0.8256,1
IND_2026_0350,Male,EWS,19.8,Hosteler,0.5,>8 LPA,3,0,1,1,77.4,85.2,80.8,85.7,91.9,73.8,79.0,80.4,-6.42,1,0,8.86,9.06,0.2,0,88.7,0,8.6,1.1,32,4,6,0.0241,0
IND_2026_0351,Female,General,20.6,Hosteler,0.5,2-5 LPA,1,1,0,20,78.4,74.1,74.5,75.5,76.4,79.3,80.2,78.9,1.85,0,0,9.95,9.76,-0.19,0,88.1,0,6.5,0.5,36,3,3,0.0219,0
IND_2026_0352,Male,General,18.2,Hosteler,0.5,2-5 LPA,1,0,0,3,86.1,81.6,93.8,85.0,81.2,91.0,80.0,84.1,-0.61,2,0,7.84,8.13,0.29,0,75.6,0,6.7,-5.8,37,6,7,0.1967,0
IND_2026_0353,Male,ST,21.6,Hosteler,0.5,<2 LPA,0,1,1,0,72.0,84.7,85.1,82.1,87.3,79.9,87.3,84.7,0.01,2,0,6.22,6.16,-0.06,0,55.9,0,3.9,2.1,39,8,2,0.6489,1
IND_2026_0354,Male,ST,19.1,Day Scholar,12.5,5-8 LPA,2,0,0,3,44.2,43.7,47.0,35.5,44.2,43.4,39.9,42.2,-2.13,13,1,8.11,7.25,-0.86,3,62.9,0,8.1,-0.4,50,15,7,0.7072,1
IND_2026_0355,Male,General,19.4,Day Scholar,13.5,>8 LPA,3,0,0,1,50.6,46.1,56.2,39.6,54.7,46.8,39.1,45.7,-7.8,13,1,7.21,7.29,0.08,3,61.0,0,6.2,0.4,41,11,7,0.8343,1
IND_2026_0356,Male,OBC,20.1,Day Scholar,13.1,<2 LPA,0,1,0,34,83.0,78.2,82.9,85.4,61.5,74.2,82.7,74.4,10.57,3,1,6.86,6.8,-0.06,0,62.5,0,4.6,1.7,40,11,1,0.5399,1
IND_2026_0357,Female,SC,18.1,Day Scholar,8.9,5-8 LPA,2,1,1,3,53.9,52.6,65.0,56.6,45.0,59.0,70.0,59.9,12.51,7,1,5.99,5.14,-0.85,1,47.5,0,5.6,3.8,36,12,3,0.6149,1
IND_2026_0358,Female,ST,20.4,Day Scholar,6.7,>8 LPA,3,0,1,3,79.9,88.1,98.6,99.3,94.8,88.2,88.4,89.9,-3.22,2,0,6.55,6.31,-0.24,0,60.5,0,9.2,1.1,55,7,6,0.1189,0
IND_2026_0359,Male,OBC,21.4,Day Scholar,11.0,<2 LPA,0,1,1,2,81.8,89.8,94.7,95.5,90.5,83.4,84.8,85.7,-2.87,0,0,6.95,7.27,0.32,0,71.8,0,9.1,-0.7,20,6,3,0.0652,0
IND_2026_0360,Female,OBC,20.5,Day Scholar,8.8,<2 LPA,0,1,0,19,34.6,34.7,50.6,36.3,47.6,39.9,36.5,40.5,-5.56,15,1,8.33,7.13,-1.2,3,68.7,0,3.2,-2.9,52,14,2,0.9925,1
IND_2026_0361,Female,SC,18.0,Hosteler,0.5,5-8 LPA,2,0,1,7,83.2,82.8,84.5,79.7,79.3,78.2,90.2,83.2,5.45,0,0,7.92,8.24,0.32,0,77.0,0,1.2,-5.9,31,7,4,0.0265,0
IND_2026_0362,Male,SC,19.9,Day Scholar,5.4,5-8 LPA,2,0,0,3,27.2,43.5,40.2,41.8,37.1,39.0,48.8,42.4,5.83,9,1,9.76,8.22,-1.54,2,73.5,0,6.4,1.7,28,12,0,0.7823,1
IND_2026_0363,Male,SC,21.1,Day Scholar,8.2,<2 LPA,0,1,0,46,92.9,85.6,97.5,85.5,100.0,98.8,90.7,95.9,-4.64,0,0,8.14,8.97,0.83,0,89.6,0,6.6,0.9,58,4,3,0.0956,0
IND_2026_0364,Male,OBC,17.7,Hosteler,0.5,5-8 LPA,2,1,0,2,73.1,65.2,71.4,61.3,60.5,62.9,67.7,64.2,3.62,6,1,7.79,7.04,-0.75,3,66.4,0,7.3,-2.3,36,16,3,0.6425,1
IND_2026_0365,Female,General,18.7,Hosteler,0.5,2-5 LPA,1,1,0,4,85.6,76.3,87.1,87.7,86.4,83.9,85.7,85.2,-0.38,2,0,6.77,7.05,0.28,0,64.8,0,8.9,-1.8,52,7,3,0.0336,0
IND_2026_0366,Male,ST,21.2,Day Scholar,6.0,>8 LPA,3,0,1,6,98.0,96.4,100.0,87.1,94.3,93.7,95.6,94.6,0.65,1,0,5.75,6.09,0.34,0,56.9,0,9.2,-2.4,45,6,2,0.0435,0
IND_2026_0367,Female,ST,20.5,Day Scholar,5.1,>8 LPA,3,0,1,0,69.1,77.6,82.7,74.7,71.3,78.5,84.6,79.1,6.62,0,0,6.4,7.28,0.88,0,65.5,0,10.3,-2.3,36,7,2,0.0131,0
IND_2026_0368,Female,SC,20.6,Day Scholar,19.2,5-8 LPA,2,0,1,1,74.7,94.5,88.6,81.1,74.6,87.6,92.0,86.1,8.68,0,0,6.22,6.57,0.35,0,59.8,0,9.3,1.3,81,7,2,0.0723,0
IND_2026_0369,Male,General,22.5,Day Scholar,9.2,2-5 LPA,1,1,1,6,100.0,100.0,100.0,100.0,100.0,93.7,89.8,93.7,-5.11,1,0,3.61,4.95,1.34,0,44.2,0,9.9,-0.3,53,7,2,0.1378,0
IND_2026_0370,Female,General,20.7,Hosteler,0.5,2-5 LPA,1,1,0,12,92.1,85.6,94.7,76.6,88.3,85.9,94.4,89.9,3.02,0,0,5.79,6.41,0.62,0,59.5,0,9.7,-1.6,47,9,2,0.1278,0
IND_2026_0371,Female,SC,21.0,Hosteler,0.5,2-5 LPA,1,0,0,0,91.2,79.4,95.3,92.1,90.5,89.3,94.5,91.7,2.03,1,0,9.44,10.0,0.56,0,98.3,0,11.6,3.6,71,4,3,0.0121,0
IND_2026_0372,Male,General,23.6,Day Scholar,15.0,<2 LPA,0,0,1,0,81.7,84.2,96.0,84.6,93.2,88.6,85.8,88.6,-3.7,1,0,7.72,7.97,0.25,0,77.8,0,7.5,-4.7,33,7,7,0.0076,0
IND_2026_0373,Male,EWS,19.8,Day Scholar,5.0,5-8 LPA,2,0,1,1,69.8,62.5,67.3,62.7,67.6,64.2,74.8,69.3,3.6,4,1,6.67,6.68,0.01,1,71.2,0,3.5,0.6,99,10,1,0.0751,0
IND_2026_0374,Male,OBC,19.1,Day Scholar,10.6,<2 LPA,0,1,1,2,84.8,100.0,94.5,87.7,85.3,86.1,97.0,90.3,5.82,2,0,7.76,8.69,0.93,0,88.6,0,12.9,-4.1,29,3,5,0.0063,0
IND_2026_0375,Male,SC,20.7,Day Scholar,11.2,2-5 LPA,1,1,0,10,98.4,91.2,98.6,93.9,91.8,92.0,92.0,91.9,0.1,2,0,4.47,5.3,0.83,0,60.1,0,6.6,-1.2,41,9,4,0.3271,0
IND_2026_0376,Male,ST,20.7,Hosteler,0.5,<2 LPA,0,1,1,16,100.0,93.0,92.1,91.0,91.7,84.8,81.4,85.2,-5.14,0,0,7.59,8.08,0.49,0,79.6,0,9.9,-1.2,39,5,3,0.0691,0
IND_2026_0377,Female,OBC,19.4,Day Scholar,20.2,2-5 LPA,1,0,0,1,70.7,66.2,77.6,67.0,77.2,61.9,63.7,66.5,-6.74,6,1,8.99,8.63,-0.36,0,84.7,0,5.8,0.8,36,14,3,0.2039,0
IND_2026_0378,Male,General,18.8,Hosteler,0.5,2-5 LPA,1,0,1,5,69.7,72.5,71.2,79.1,78.7,77.3,65.5,73.0,-6.57,5,1,7.03,6.91,-0.12,0,63.2,0,8.3,-1.3,31,8,4,0.213,0
IND_2026_0379,Male,OBC,23.1,Hosteler,0.5,5-8 LPA,2,0,0,1,69.1,84.1,81.6,91.2,85.7,81.8,79.5,81.8,-3.13,0,0,4.72,5.4,0.68,0,55.4,0,1.2,-1.4,26,8,5,0.3088,0
IND_2026_0380,Female,OBC,20.5,Hosteler,0.5,5-8 LPA,2,0,0,1,53.5,69.7,70.7,67.4,65.1,68.2,65.6,66.4,0.24,5,1,6.62,7.01,0.39,0,63.3,0,5.3,-1.2,64,10,2,0.4341,0
IND_2026_0381,Male,OBC,19.1,Hosteler,0.5,<2 LPA,0,0,1,15,66.4,58.7,64.5,51.2,56.4,57.1,65.8,60.4,4.7,11,1,8.99,8.36,-0.63,1,72.1,0,6.3,-3.2,23,8,2,0.5209,1
IND_2026_0382,Female,OBC,21.3,Day Scholar,4.5,>8 LPA,3,0,0,3,86.9,87.3,96.3,94.6,93.9,94.3,99.6,96.3,2.85,1,0,7.56,7.76,0.2,0,81.4,0,8.8,-0.3,73,12,2,0.0246,0
IND_2026_0383,Female,ST,20.0,Hosteler,0.5,>8 LPA,3,0,1,0,84.8,95.9,92.6,88.5,88.7,86.1,79.7,84.2,-4.54,1,0,5.21,5.03,-0.18,1,41.5,0,8.2,0.1,49,13,2,0.3287,0
IND_2026_0384,Male,OBC,19.8,Hosteler,0.5,2-5 LPA,1,1,0,2,34.0,28.4,37.0,22.3,33.4,19.4,21.7,23.8,-5.85,14,1,9.95,9.04,-0.91,2,88.1,0,3.0,1.0,27,18,1,0.9717,1
IND_2026_0385,Male,General,20.8,Day Scholar,8.9,5-8 LPA,2,0,0,3,100.0,90.3,93.5,79.8,85.4,88.2,98.9,91.8,6.78,1,0,5.44,5.44,0.0,1,47.3,0,7.9,-1.0,50,12,5,0.2251,0
IND_2026_0386,Female,OBC,18.4,Day Scholar,21.2,2-5 LPA,1,1,0,4,69.9,55.5,72.3,54.9,72.1,70.6,73.6,72.2,0.77,6,1,6.86,7.16,0.3,0,73.7,0,8.9,-1.2,36,7,3,0.5466,1
IND_2026_0387,Female,OBC,20.6,Hosteler,0.5,<2 LPA,0,1,1,2,85.6,91.5,92.8,86.5,84.4,89.5,87.3,87.4,1.46,1,0,5.75,6.31,0.56,0,66.3,0,11.5,1.6,25,8,3,0.0737,0
IND_2026_0388,Female,General,22.6,Hosteler,0.5,2-5 LPA,1,1,0,2,71.1,71.2,78.3,70.8,73.8,63.5,72.1,69.5,-0.86,2,1,5.75,5.37,-0.38,0,53.7,0,7.0,2.1,21,10,0,0.8076,1
IND_2026_0389,Male,General,20.7,Hosteler,0.5,<2 LPA,0,1,1,3,77.2,81.6,80.3,70.7,77.6,80.8,85.4,81.8,3.9,0,0,6.57,7.44,0.87,0,76.9,0,6.1,1.9,56,7,1,0.0286,0
IND_2026_0390,Female,SC,19.6,Day Scholar,7.7,>8 LPA,3,0,1,4,76.4,77.6,83.0,85.2,79.7,75.3,88.0,81.5,4.14,0,0,8.09,7.59,-0.5,0,72.1,0,4.5,-0.4,55,10,3,0.0508,0
IND_2026_0391,Female,General,19.4,Hosteler,0.5,>8 LPA,3,0,0,1,75.4,69.8,76.0,72.0,67.9,73.9,71.6,71.5,1.83,6,1,9.01,9.67,0.66,0,99.0,0,11.2,1.4,50,10,3,0.0071,0
IND_2026_0392,Male,EWS,19.6,Hosteler,0.5,5-8 LPA,2,1,1,3,82.8,79.7,87.4,89.2,80.0,81.7,88.3,83.9,4.15,0,0,6.66,7.03,0.37,0,70.5,0,8.4,-2.0,35,6,2,0.063,0
IND_2026_0393,Female,General,19.8,Hosteler,0.5,2-5 LPA,1,0,0,62,71.4,61.1,62.6,59.2,65.7,61.6,50.2,58.0,-7.73,11,1,5.79,4.43,-1.36,1,37.6,0,4.6,-0.0,28,15,3,0.9984,1
IND_2026_0394,Female,General,19.6,Day Scholar,4.9,2-5 LPA,1,1,1,0,64.3,65.1,63.4,52.2,49.8,65.9,73.5,64.9,11.84,9,1,7.87,8.33,0.46,1,79.5,0,3.4,1.7,35,6,3,0.0234,0
IND_2026_0395,Male,SC,21.3,Hosteler,0.5,>8 LPA,3,0,0,3,88.0,79.9,90.1,82.3,81.6,83.0,83.9,83.0,1.14,0,0,7.91,8.55,0.64,0,80.5,0,5.7,0.3,21,5,6,0.0562,0
IND_2026_0396,Male,ST,17.8,Day Scholar,16.4,2-5 LPA,1,0,1,4,56.5,68.1,64.8,65.6,69.3,66.4,60.4,64.7,-4.45,10,1,7.54,7.09,-0.45,1,66.1,0,7.4,-1.2,38,10,4,0.6268,1
IND_2026_0397,Female,General,21.2,Hosteler,0.5,<2 LPA,0,1,1,0,86.0,82.4,85.7,77.0,81.5,81.4,88.3,84.2,3.41,0,0,7.59,7.39,-0.2,0,61.9,0,7.8,-3.5,54,9,4,0.0974,0
IND_2026_0398,Male,General,19.6,Day Scholar,16.5,2-5 LPA,1,0,0,10,85.9,87.4,87.9,78.1,94.1,100.0,88.8,94.1,-2.65,0,0,7.04,6.81,-0.23,0,66.6,0,3.4,-1.8,45,5,3,0.0825,0
IND_2026_0399,Male,General,20.6,Hosteler,0.5,2-5 LPA,1,0,1,4,53.3,52.1,52.1,49.7,42.7,46.1,59.2,50.5,8.24,5,1,7.34,7.81,0.47,1,67.3,0,7.1,-1.9,79,11,2,0.3053,0
IND_2026_0400,Male,OBC,18.6,Hosteler,0.5,2-5 LPA,1,1,0,2,92.5,80.9,94.4,79.4,82.1,86.3,99.2,90.4,8.55,2,0,6.95,6.92,-0.03,0,53.1,0,4.0,2.5,27,5,2,0.1437,0
IND_2026_0401,Male,OBC,21.8,Hosteler,0.5,<2 LPA,0,1,1,1,76.5,77.4,81.4,82.0,81.8,79.8,77.6,79.4,-2.09,2,0,8.7,8.24,-0.46,0,76.6,0,10.0,0.3,32,9,3,0.1293,0
IND_2026_0402,Female,General,21.7,Day Scholar,14.0,2-5 LPA,1,0,0,23,95.5,72.6,87.5,76.2,76.2,84.1,85.0,82.5,4.4,0,0,9.95,10.0,0.05,0,91.2,0,8.6,-3.7,52,6,3,0.0329,0
IND_2026_0403,Female,General,21.3,Day Scholar,9.2,2-5 LPA,1,0,0,11,100.0,86.9,98.7,100.0,94.4,94.5,100.0,96.7,2.82,1,0,7.45,7.26,-0.19,0,64.7,0,6.7,-3.9,51,5,3,0.106,0
IND_2026_0404,Male,OBC,18.1,Hosteler,0.5,<2 LPA,0,1,1,1,84.2,66.0,89.4,60.2,67.6,79.8,89.2,80.5,10.79,1,0,7.19,6.89,-0.3,0,49.9,0,8.7,-2.7,17,9,6,0.1307,0
IND_2026_0405,Female,EWS,21.2,Hosteler,0.5,<2 LPA,0,1,0,61,94.3,88.7,90.7,88.6,89.4,81.3,90.6,87.1,0.6,2,0,7.56,8.31,0.75,0,74.7,0,8.4,-2.8,60,9,7,0.3479,0
IND_2026_0406,Female,OBC,20.6,Day Scholar,5.5,2-5 LPA,1,1,1,32,100.0,99.9,88.6,99.1,92.1,97.4,99.2,96.8,3.54,1,0,6.28,7.03,0.75,0,65.9,0,10.2,-1.9,50,5,5,0.0982,0
IND_2026_0407,Male,OBC,18.0,Day Scholar,6.8,>8 LPA,3,0,0,0,65.9,73.9,74.3,66.3,74.9,73.7,72.4,73.5,-1.22,4,1,8.27,8.06,-0.21,0,73.4,0,7.1,1.3,16,7,3,0.3675,0
IND_2026_0408,Female,General,20.1,Hosteler,0.5,2-5 LPA,1,1,0,1,86.1,81.4,79.0,74.7,79.0,82.8,73.0,77.9,-3.04,1,0,7.82,7.9,0.08,0,77.0,0,7.3,-3.3,40,7,4,0.1372,0
IND_2026_0409,Male,General,20.6,Hosteler,0.5,5-8 LPA,2,0,0,1,53.3,72.2,59.3,54.4,56.4,51.1,60.7,56.3,2.13,6,1,6.61,5.94,-0.67,1,63.4,0,4.6,5.1,23,16,1,0.6968,1
IND_2026_0410,Female,General,20.8,Day Scholar,9.8,5-8 LPA,2,0,0,0,52.4,58.0,60.2,49.0,61.8,56.8,55.7,57.6,-3.03,7,1,8.46,8.0,-0.46,1,78.6,0,6.7,-2.7,31,16,3,0.652,1
IND_2026_0411,Female,SC,20.3,Day Scholar,7.8,2-5 LPA,1,1,1,3,68.4,60.9,74.1,64.8,77.1,62.8,61.9,66.0,-7.59,2,1,7.23,6.66,-0.57,0,68.4,0,9.4,-3.6,20,21,1,0.7478,1
IND_2026_0412,Female,ST,20.5,Day Scholar,9.5,5-8 LPA,2,0,1,0,87.7,76.9,90.5,69.3,83.0,82.6,85.2,83.7,1.12,2,0,5.84,5.8,-0.04,0,60.6,0,5.4,3.0,46,7,1,0.4541,0
IND_2026_0413,Male,ST,22.0,Day Scholar,7.5,5-8 LPA,2,0,0,4,46.1,53.0,59.1,50.3,54.0,54.3,57.3,55.4,1.62,11,1,7.69,6.93,-0.76,2,60.7,1,6.9,2.7,77,10,8,0.9201,1
IND_2026_0414,Female,EWS,21.7,Day Scholar,14.8,2-5 LPA,1,1,0,10,81.0,80.6,96.6,85.7,87.9,85.5,73.4,81.3,-7.25,2,0,7.53,7.36,-0.17,0,72.1,0,5.2,-1.5,47,7,2,0.0787,0
IND_2026_0415,Male,EWS,17.5,Hosteler,0.5,<2 LPA,0,0,0,46,92.6,89.0,94.6,88.5,96.7,87.8,96.3,93.4,-0.2,1,0,8.54,9.47,0.93,0,94.9,0,4.3,-1.3,19,4,2,0.0746,0
IND_2026_0416,Male,EWS,19.7,Day Scholar,6.9,<2 LPA,0,0,0,15,72.0,78.6,70.6,64.2,75.1,72.9,71.3,72.8,-1.92,6,1,8.36,8.65,0.29,1,80.0,0,7.6,-0.4,49,6,8,0.1613,0
IND_2026_0417,Male,General,19.9,Hosteler,0.5,>8 LPA,3,0,0,1,67.2,67.8,70.3,67.3,64.3,61.4,58.8,61.1,-2.75,6,1,7.05,6.28,-0.77,1,55.7,0,6.3,0.1,32,13,3,0.7008,1
IND_2026_0418,Female,General,17.8,Hosteler,0.5,5-8 LPA,2,0,0,3,100.0,73.9,79.6,86.0,84.9,84.9,79.4,82.7,-2.74,0,0,6.54,6.2,-0.34,0,61.6,0,6.3,-3.7,24,8,5,0.5784,1
IND_2026_0419,Male,General,20.2,Hosteler,0.5,>8 LPA,3,1,0,0,79.3,72.3,77.8,67.5,68.9,80.8,80.5,77.7,5.8,1,0,7.2,7.2,0.0,0,61.0,0,3.7,-6.5,47,9,3,0.0752,0
IND_2026_0420,Female,OBC,21.7,Hosteler,0.5,>8 LPA,3,1,0,2,82.7,84.5,93.2,76.0,88.8,87.7,86.0,87.3,-1.37,2,0,7.71,8.99,1.28,0,80.0,0,8.6,-3.7,71,3,5,0.1801,0
IND_2026_0421,Female,General,18.7,Day Scholar,4.3,<2 LPA,0,1,1,3,82.5,93.6,93.9,81.7,100.0,85.2,81.1,87.3,-9.47,1,0,7.88,7.73,-0.15,0,70.1,0,7.9,2.6,33,7,2,0.1434,0
IND_2026_0422,Male,SC,20.5,Hosteler,0.5,5-8 LPA,2,0,0,2,87.2,95.4,92.4,91.0,90.9,89.6,83.9,87.6,-3.48,2,0,7.62,7.86,0.24,0,76.9,0,5.7,2.6,21,7,4,0.0811,0
IND_2026_0423,Male,OBC,18.9,Hosteler,0.5,2-5 LPA,1,0,0,0,64.3,84.8,69.2,69.9,68.0,80.4,72.8,74.3,2.43,2,1,7.07,7.09,0.02,0,68.4,1,3.8,-1.4,16,9,3,0.4117,0
IND_2026_0424,Male,OBC,19.2,Day Scholar,7.4,5-8 LPA,2,0,0,3,68.6,63.2,69.7,69.3,62.6,72.4,78.9,72.6,8.17,4,1,8.6,8.49,-0.11,0,85.8,0,6.6,-3.3,31,9,0,0.1487,0
IND_2026_0425,Female,General,22.0,Day Scholar,15.6,<2 LPA,0,0,1,0,68.9,63.9,74.2,61.9,57.7,54.3,75.3,63.6,8.78,10,1,6.26,5.77,-0.49,2,50.2,0,6.8,0.5,32,11,3,0.6539,1
IND_2026_0426,Female,General,19.4,Day Scholar,16.1,2-5 LPA,1,0,1,0,45.5,51.5,52.3,39.8,35.0,48.5,60.7,50.0,12.86,4,1,9.95,9.84,-0.11,2,88.6,0,7.5,0.0,32,9,5,0.0388,0
IND_2026_0427,Male,General,20.7,Day Scholar,12.0,5-8 LPA,2,0,0,2,98.9,83.3,87.7,91.4,91.0,90.7,86.1,89.0,-2.46,0,0,8.27,8.82,0.55,0,86.4,0,6.2,-0.5,35,5,5,0.0601,0
IND_2026_0428,Female,ST,17.7,Day Scholar,5.4,5-8 LPA,2,0,1,1,47.4,51.1,50.9,46.0,46.6,51.1,55.7,51.8,4.55,4,1,5.62,5.42,-0.2,3,47.5,0,5.0,-5.2,40,21,3,0.6237,1
IND_2026_0429,Male,OBC,22.5,Hosteler,0.5,5-8 LPA,2,0,0,0,83.5,81.9,84.9,83.5,90.8,82.3,79.3,83.2,-5.73,0,0,7.46,7.93,0.47,0,72.3,0,9.1,5.6,54,8,3,0.0845,0
IND_2026_0430,Female,SC,20.9,Day Scholar,27.2,2-5 LPA,1,0,0,3,75.0,56.8,76.8,58.4,66.8,70.1,70.5,69.5,1.84,5,1,8.28,8.54,0.26,0,71.8,0,4.6,1.3,46,10,3,0.1661,0
IND_2026_0431,Female,General,19.9,Day Scholar,34.7,2-5 LPA,1,0,1,2,64.2,59.5,64.2,52.8,68.8,61.0,52.3,59.5,-8.24,4,1,6.71,7.04,0.33,0,68.3,0,6.0,-0.8,52,10,0,0.2262,0
IND_2026_0432,Female,OBC,20.8,Hosteler,0.5,>8 LPA,3,0,0,9,100.0,96.6,98.4,100.0,100.0,93.0,100.0,97.6,0.0,1,0,5.11,6.27,1.16,0,67.3,0,9.9,-2.9,32,8,3,0.1429,0
IND_2026_0433,Female,OBC,18.3,Hosteler,0.5,2-5 LPA,1,1,1,2,88.6,93.0,81.2,79.0,71.4,90.8,100.0,89.6,14.29,1,0,5.75,7.16,1.41,0,62.9,0,4.7,0.8,26,7,5,0.0146,0
IND_2026_0434,Female,SC,21.6,Hosteler,0.5,2-5 LPA,1,0,1,2,87.7,81.4,87.0,85.1,75.3,81.1,83.0,80.4,3.86,1,0,7.96,8.64,0.68,0,87.2,0,9.8,-0.4,35,10,3,0.0156,0
IND_2026_0435,Male,SC,19.7,Day Scholar,11.6,2-5 LPA,1,0,1,4,79.5,76.6,83.9,65.2,86.0,79.8,74.8,79.3,-5.58,2,0,4.74,4.55,-0.19,0,42.9,0,8.9,-0.0,27,10,1,0.2226,0
IND_2026_0436,Male,General,19.8,Hosteler,0.5,2-5 LPA,1,0,0,60,80.2,73.3,81.5,68.8,75.2,79.2,75.4,76.7,0.1,1,0,5.17,5.59,0.42,0,44.3,0,5.5,0.5,14,10,7,0.914,1
IND_2026_0437,Male,EWS,19.5,Hosteler,0.5,2-5 LPA,1,0,1,1,79.7,62.8,75.3,71.1,77.4,68.1,66.2,69.7,-5.59,6,1,7.95,8.14,0.19,0,72.9,0,6.1,-1.3,32,6,2,0.0967,0
IND_2026_0438,Male,General,19.3,Day Scholar,15.2,2-5 LPA,1,0,0,3,46.6,30.8,37.6,47.7,42.3,35.3,33.5,36.3,-4.39,12,1,6.89,6.79,-0.1,2,59.7,0,6.8,1.3,51,14,3,0.9696,1
IND_2026_0439,Female,ST,21.0,Day Scholar,5.4,5-8 LPA,2,0,1,1,76.3,89.8,90.9,76.1,77.7,84.0,96.8,87.6,9.55,1,0,6.23,6.11,-0.12,0,56.5,0,6.3,0.6,58,19,3,0.1873,0
IND_2026_0440,Female,General,20.4,Hosteler,0.5,>8 LPA,3,0,0,4,50.3,54.4,69.2,58.5,54.0,64.4,59.5,59.8,2.74,5,1,6.51,6.38,-0.13,3,62.7,0,0.9,0.5,44,14,2,0.7898,1
IND_2026_0441,Female,General,20.9,Day Scholar,17.3,>8 LPA,3,0,0,1,92.6,92.8,94.7,93.1,86.0,84.9,90.2,87.3,2.12,0,0,5.14,5.14,0.0,0,58.1,0,6.0,-0.0,40,9,1,0.2165,0
IND_2026_0442,Male,SC,20.1,Hosteler,0.5,2-5 LPA,1,1,0,12,55.3,60.3,75.7,64.1,74.7,62.5,71.1,69.0,-1.83,3,1,7.88,7.96,0.08,0,68.5,0,7.6,2.1,77,7,2,0.263,0
IND_2026_0443,Female,General,20.8,Day Scholar,11.7,2-5 LPA,1,0,0,14,72.0,67.7,74.5,64.4,66.5,66.7,68.7,67.5,1.09,2,1,6.07,5.79,-0.28,0,52.6,0,7.1,-3.8,22,10,2,0.5943,1
IND_2026_0444,Male,OBC,19.6,Day Scholar,23.1,5-8 LPA,2,0,0,1,84.6,75.6,75.2,77.2,81.5,80.1,80.4,80.5,-0.57,1,0,6.45,6.8,0.35,0,60.1,0,4.9,-2.7,26,7,1,0.1403,0
IND_2026_0445,Male,OBC,23.0,Hosteler,0.5,5-8 LPA,2,0,0,9,72.5,81.2,75.5,63.6,73.4,79.1,76.3,76.6,1.44,1,0,7.69,7.1,-0.59,0,61.1,0,6.1,-0.9,66,14,0,0.1986,0
IND_2026_0446,Female,General,18.1,Day Scholar,5.9,2-5 LPA,1,0,0,0,70.6,76.8,67.1,68.0,87.8,82.2,60.9,75.1,-13.46,1,0,6.84,7.2,0.36,1,68.9,0,8.6,-2.5,40,7,4,0.3432,0
IND_2026_0447,Female,SC,21.7,Day Scholar,14.5,5-8 LPA,2,0,0,16,50.5,60.5,67.8,63.9,48.3,62.6,74.1,63.6,12.92,7,1,6.21,6.02,-0.19,2,57.2,0,5.5,-1.1,26,12,5,0.297,0
IND_2026_0448,Female,ST,21.9,Day Scholar,43.5,5-8 LPA,2,0,1,2,58.2,69.9,71.5,63.0,58.9,62.1,61.1,60.9,1.1,4,1,4.41,4.13,-0.28,3,30.2,0,1.5,3.3,39,13,1,0.9514,1
IND_2026_0449,Male,ST,19.0,Day Scholar,4.7,5-8 LPA,2,0,0,2,72.1,73.0,80.6,72.0,73.5,71.5,78.8,74.9,2.63,4,1,7.71,8.59,0.88,0,81.7,0,9.7,-1.7,35,6,4,0.0707,0
IND_2026_0450,Female,General,23.0,Day Scholar,22.6,5-8 LPA,2,0,0,4,66.8,78.3,75.5,69.7,66.0,77.4,79.3,75.3,6.66,2,0,7.31,7.15,-0.16,0,61.9,0,6.2,-4.9,27,24,2,0.2104,0
IND_2026_0451,Male,OBC,21.4,Hosteler,0.5,<2 LPA,0,0,1,19,81.4,80.1,83.6,87.9,80.1,84.3,87.1,84.4,3.53,2,0,6.48,6.87,0.39,0,65.3,0,9.1,-2.0,28,7,3,0.1776,0
IND_2026_0452,Female,General,21.4,Day Scholar,6.8,2-5 LPA,1,1,0,13,62.2,57.9,67.0,67.2,62.2,61.2,71.8,65.7,4.78,6,1,5.75,5.56,-0.19,0,59.2,0,2.7,-0.0,39,15,4,0.6772,1
IND_2026_0453,Female,General,20.1,Day Scholar,3.1,2-5 LPA,1,1,0,3,66.7,72.5,79.5,62.5,63.7,66.7,71.3,67.8,3.8,3,1,7.22,7.13,-0.09,0,70.1,0,6.0,-0.6,42,15,4,0.235,0
IND_2026_0454,Male,General,19.8,Day Scholar,2.5,<2 LPA,0,1,0,46,52.5,33.0,45.8,50.0,53.8,36.2,41.2,42.6,-6.28,15,1,7.87,8.06,0.19,1,77.5,0,6.6,1.0,68,12,0,0.9456,1
IND_2026_0455,Male,EWS,19.8,Hosteler,0.5,>8 LPA,3,0,0,4,59.7,65.2,63.8,69.3,64.0,60.2,65.2,63.2,0.59,7,1,7.34,7.07,-0.27,1,64.5,0,5.9,0.5,32,26,2,0.5535,1
IND_2026_0456,Male,ST,20.6,Day Scholar,12.7,5-8 LPA,2,0,1,3,44.6,43.1,39.5,45.3,38.6,41.6,58.4,47.6,9.88,23,1,9.49,8.55,-0.94,3,81.6,0,3.6,-0.8,32,10,3,0.9464,1
IND_2026_0457,Female,SC,21.9,Hosteler,0.5,<2 LPA,0,1,1,0,67.2,76.5,80.2,62.7,66.6,73.6,65.3,68.5,-0.67,3,1,8.19,8.87,0.68,0,87.1,0,2.3,-3.8,81,7,3,0.1455,0
IND_2026_0458,Male,OBC,20.3,Day Scholar,18.8,5-8 LPA,2,0,0,4,85.4,88.7,92.7,79.8,89.1,87.4,94.2,90.6,2.56,1,0,7.05,7.3,0.25,0,71.7,0,10.4,-2.4,68,5,1,0.0264,0
IND_2026_0459,Female,OBC,18.9,Hosteler,0.5,5-8 LPA,2,0,0,1,80.5,91.1,87.7,86.5,90.8,85.7,99.3,92.4,4.25,1,0,8.23,7.94,-0.29,0,74.9,0,8.2,-3.0,49,5,6,0.0158,0
IND_2026_0460,Female,OBC,21.2,Day Scholar,11.0,5-8 LPA,2,0,0,2,80.6,92.9,90.4,88.5,100.0,83.7,93.4,91.6,-3.31,2,0,7.27,7.35,0.08,0,70.9,0,9.8,-2.1,22,7,3,0.0204,0
IND_2026_0461,Male,OBC,21.3,Day Scholar,8.4,2-5 LPA,1,0,1,2,62.8,66.4,68.9,55.6,76.6,70.8,66.9,70.7,-4.88,2,1,7.26,6.59,-0.67,0,56.0,0,8.0,0.9,26,11,3,0.1743,0
IND_2026_0462,Male,OBC,21.0,Day Scholar,12.9,>8 LPA,3,0,0,4,76.6,71.7,79.0,77.0,81.4,75.8,77.2,77.8,-2.06,0,0,9.01,8.27,-0.74,0,74.9,0,8.4,-0.4,27,7,4,0.1902,0
IND_2026_0463,Female,General,21.1,Day Scholar,6.8,2-5 LPA,1,1,0,11,99.3,95.5,97.7,99.9,95.2,90.6,98.3,94.8,1.51,0,0,5.94,6.27,0.33,0,63.1,0,6.4,0.6,43,12,3,0.1492,0
IND_2026_0464,Male,General,19.7,Hosteler,0.5,2-5 LPA,1,0,0,1,60.3,70.8,73.0,73.0,74.7,69.1,59.6,66.7,-7.56,6,1,7.23,6.99,-0.24,1,70.6,0,7.1,-1.4,30,8,5,0.3388,0
IND_2026_0465,Male,EWS,18.9,Day Scholar,10.6,<2 LPA,0,0,1,5,75.2,76.3,85.6,71.8,84.9,80.1,75.4,79.4,-4.74,1,0,8.87,9.51,0.64,0,90.8,0,10.7,1.6,96,7,2,0.0147,0
IND_2026_0466,Female,OBC,19.0,Day Scholar,15.9,5-8 LPA,2,0,0,6,52.6,60.4,65.1,53.3,55.4,66.4,53.3,58.4,-1.04,6,1,7.63,7.5,-0.13,5,78.6,0,6.2,1.0,18,12,1,0.9159,1
IND_2026_0467,Female,EWS,18.0,Hosteler,0.5,5-8 LPA,2,0,1,0,83.3,93.6,93.1,85.0,79.0,81.7,85.2,82.4,3.07,2,0,6.68,7.13,0.45,0,70.3,0,10.7,-0.9,25,12,5,0.0373,0
IND_2026_0468,Female,General,20.4,Hosteler,0.5,2-5 LPA,1,0,0,12,69.9,61.0,66.0,60.4,53.2,63.8,65.4,61.8,6.13,5,1,4.81,4.08,-0.73,0,37.6,0,1.6,1.7,34,16,4,0.8152,1
IND_2026_0469,Male,OBC,20.0,Hosteler,0.5,2-5 LPA,1,0,0,14,84.0,84.1,100.0,87.8,82.3,90.5,94.1,89.9,5.89,1,0,4.02,4.79,0.77,1,39.4,0,3.0,-2.1,48,13,4,0.3459,0
IND_2026_0470,Male,General,19.5,Day Scholar,10.3,5-8 LPA,2,0,0,2,69.5,60.4,71.5,72.0,62.7,66.7,88.3,74.3,12.77,3,1,9.95,10.0,0.05,0,99.0,0,9.8,-6.4,15,4,4,0.0718,0
IND_2026_0471,Male,General,17.5,Day Scholar,13.8,5-8 LPA,2,0,0,4,99.7,90.7,91.4,96.6,87.3,90.9,100.0,93.6,6.37,2,0,7.63,8.27,0.64,0,82.4,0,6.3,-3.1,22,5,7,0.0708,0
IND_2026_0472,Male,General,18.5,Day Scholar,26.7,2-5 LPA,1,1,0,34,52.8,53.6,49.9,40.1,50.6,49.9,43.6,47.5,-3.52,11,1,6.38,5.88,-0.5,1,64.9,0,8.9,2.0,28,14,4,0.9943,1
IND_2026_0473,Male,General,21.6,Hosteler,0.5,>8 LPA,3,0,0,0,45.0,54.1,52.7,49.1,47.8,44.3,49.0,47.0,0.56,16,1,7.69,6.42,-1.27,3,71.8,0,7.7,0.3,59,13,5,0.7549,1
IND_2026_0474,Male,ST,19.2,Day Scholar,27.4,5-8 LPA,2,0,1,2,64.1,63.8,60.3,58.6,60.4,63.8,66.4,64.0,3.02,7,1,5.87,6.07,0.2,3,51.2,1,8.8,-0.5,81,10,1,0.5582,1
IND_2026_0475,Male,General,20.6,Hosteler,0.5,>8 LPA,3,1,0,2,81.4,91.6,91.5,83.7,81.2,86.5,87.6,85.6,3.2,1,0,6.74,7.81,1.07,0,67.8,0,9.1,-3.3,36,7,3,0.0264,0
IND_2026_0476,Male,OBC,18.3,Day Scholar,16.7,>8 LPA,3,0,0,1,62.5,64.0,56.4,64.0,50.7,62.2,64.4,60.2,6.87,5,1,5.88,5.66,-0.22,1,39.5,0,3.4,-4.3,31,22,2,0.7613,1
IND_2026_0477,Male,OBC,22.0,Hosteler,0.5,>8 LPA,3,0,0,4,80.1,83.1,81.6,81.8,72.2,72.2,80.9,75.7,4.36,0,0,5.22,4.97,-0.25,0,51.8,0,2.3,2.9,24,12,0,0.7592,1
IND_2026_0478,Female,OBC,19.9,Day Scholar,6.9,5-8 LPA,2,0,0,1,52.7,66.3,59.5,68.7,57.1,60.9,54.9,57.6,-1.08,8,1,4.25,3.74,-0.51,3,38.8,1,7.3,0.2,39,14,2,0.9789,1
IND_2026_0479,Female,OBC,20.5,Day Scholar,16.6,5-8 LPA,2,0,0,0,82.3,89.9,83.7,82.2,80.0,86.8,80.6,82.6,0.32,1,0,4.96,4.96,0.0,0,47.6,0,2.9,-1.4,72,10,4,0.2325,0
IND_2026_0480,Male,General,23.1,Hosteler,0.5,<2 LPA,0,1,1,2,89.4,89.1,96.5,87.3,87.0,98.4,96.4,94.8,4.7,2,0,8.63,8.96,0.33,0,79.0,0,11.5,-3.5,87,4,7,0.0058,0
IND_2026_0481,Male,EWS,22.1,Day Scholar,8.5,2-5 LPA,1,0,0,21,77.1,66.5,87.0,70.0,64.7,78.9,78.2,75.1,6.75,1,0,5.82,6.11,0.29,0,57.6,0,7.5,2.2,37,8,3,0.4323,0
IND_2026_0482,Male,SC,19.7,Day Scholar,16.4,5-8 LPA,2,0,1,1,52.5,51.2,47.2,33.4,46.5,42.8,44.5,44.4,-0.97,10,1,7.95,7.31,-0.64,1,70.4,0,5.1,1.9,23,11,2,0.8303,1
IND_2026_0483,Female,SC,19.3,Hosteler,0.5,2-5 LPA,1,0,1,17,77.9,79.3,78.4,82.4,86.2,76.8,68.1,75.7,-9.05,1,0,8.54,9.01,0.47,0,89.5,0,8.3,-3.6,45,10,5,0.1258,0
IND_2026_0484,Male,OBC,19.7,Hosteler,0.5,>8 LPA,3,0,0,3,86.1,96.6,89.1,83.7,87.9,86.0,83.7,85.6,-2.08,1,0,7.22,7.65,0.43,0,74.0,0,8.2,1.2,81,6,5,0.0959,0
IND_2026_0485,Male,General,20.8,Day Scholar,6.5,<2 LPA,0,1,0,31,66.4,67.8,61.3,62.3,65.5,61.9,61.2,62.5,-2.15,5,1,6.78,6.08,-0.7,3,61.1,0,5.1,-0.5,29,22,1,0.9791,1
IND_2026_0486,Male,ST,20.0,Hosteler,0.5,2-5 LPA,1,1,0,31,79.5,95.4,85.9,87.5,84.0,81.6,85.6,83.8,0.79,2,0,7.39,7.38,-0.01,0,69.5,0,9.9,-2.6,19,8,3,0.3207,0
IND_2026_0487,Male,General,19.6,Hosteler,0.5,2-5 LPA,1,1,0,20,82.4,93.7,97.6,79.6,92.3,83.4,99.1,91.9,3.4,2,0,6.62,6.79,0.17,0,70.4,0,10.0,-1.9,36,11,3,0.2607,0
IND_2026_0488,Male,General,22.0,Day Scholar,11.6,2-5 LPA,1,1,0,31,10.0,29.4,30.2,19.7,35.7,26.8,19.0,25.9,-8.35,10,1,8.89,7.58,-1.31,3,75.2,0,4.9,-1.3,27,14,1,0.9974,1
IND_2026_0489,Male,General,20.0,Day Scholar,12.9,<2 LPA,0,0,0,17,75.2,68.0,88.6,84.4,76.1,78.5,74.1,76.1,-1.02,0,0,9.83,10.0,0.17,0,89.1,0,6.7,-4.7,21,17,7,0.0916,0
IND_2026_0490,Male,SC,23.1,Hosteler,0.5,<2 LPA,0,0,0,18,60.7,67.3,71.3,65.6,64.8,66.8,65.3,65.7,0.25,6,1,9.23,9.88,0.65,0,99.0,0,10.0,0.3,49,5,7,0.0836,0
IND_2026_0491,Female,OBC,20.2,Hosteler,0.5,5-8 LPA,2,0,0,1,92.1,86.7,89.7,83.6,94.1,91.3,88.0,90.7,-3.04,2,0,4.19,4.96,0.77,0,53.2,0,2.3,-1.2,48,8,4,0.318,0
IND_2026_0492,Female,SC,22.4,Day Scholar,8.4,2-5 LPA,1,1,1,0,67.0,80.0,81.3,75.9,76.5,79.7,77.6,78.0,0.57,1,0,6.59,6.72,0.13,0,66.2,0,7.4,0.5,91,9,2,0.0774,0
IND_2026_0493,Female,SC,20.6,Day Scholar,2.7,<2 LPA,0,1,0,17,70.1,74.3,74.8,79.6,70.1,75.6,80.3,76.1,5.11,1,0,7.21,6.62,-0.59,0,64.3,0,7.9,-0.1,21,8,2,0.1864,0
IND_2026_0494,Male,General,21.4,Day Scholar,13.7,<2 LPA,0,1,1,8,89.1,88.8,93.5,90.8,94.5,88.4,76.2,85.0,-9.12,0,0,7.85,8.2,0.35,0,86.2,0,5.9,-0.3,62,5,2,0.1891,0
IND_2026_0495,Female,ST,19.2,Hosteler,0.5,2-5 LPA,1,1,0,0,81.4,87.0,85.0,75.3,91.6,86.5,94.7,91.0,1.54,0,0,4.78,4.82,0.04,0,37.6,0,8.2,-5.2,59,9,7,0.1383,0
IND_2026_0496,Male,OBC,19.0,Day Scholar,4.6,<2 LPA,0,1,1,2,94.7,97.4,90.9,100.0,86.3,92.6,94.4,91.7,4.03,2,0,4.76,5.91,1.15,0,62.4,0,6.7,-2.9,51,8,3,0.1397,0
IND_2026_0497,Male,OBC,20.7,Day Scholar,12.1,5-8 LPA,2,0,0,0,75.5,63.8,80.4,83.6,81.4,85.8,77.2,81.3,-2.11,0,0,9.03,8.46,-0.57,0,78.0,0,6.4,-0.2,28,5,8,0.0819,0
IND_2026_0498,Female,General,21.4,Hosteler,0.5,5-8 LPA,2,0,0,2,60.4,61.6,67.3,57.5,60.8,61.1,64.8,62.5,2.03,11,1,6.42,6.28,-0.14,2,65.1,0,7.6,-3.1,22,12,3,0.8074,1
IND_2026_0499,Male,EWS,20.2,Day Scholar,21.4,2-5 LPA,1,0,0,33,89.2,92.2,94.5,75.3,78.9,85.8,91.1,86.2,6.13,1,0,5.12,5.01,-0.11,0,48.2,0,4.0,0.2,39,9,5,0.6653,1
IND_2026_0500,Male,General,18.4,Day Scholar,28.5,2-5 LPA,1,1,1,3,71.5,76.1,75.4,71.2,61.8,66.2,59.5,62.4,-1.16,11,1,5.65,5.33,-0.32,2,44.4,0,6.9,-3.0,34,11,1,0.9049,1
